level_0,index,Time(sec),Force(kN),Jaw(mm),PowAngle(deg),Power(W),Pram,PTemp,Strain,Stress(MPa),Stroke(mm),TC1(C),wedge(mm),uncorrected stress,sampled strain,sampled stress,fitting strain,fitting stress,model strain,ramberg stress,ramberg plastic strain,ramberg accumulated plastic strain
1972,1972,165.3437,0.48988101,0.038960356,0.0,0,9.0629654,0.0,0.0026651777,5.955437402151924,10.05454,360.74109,-9.287818,5.955437402151924,0.0026651777,5.955437402151924,0.0,5.955437402151924,0.0,0.0,0.0,0.0
1973,1973,165.3439,2.0841534,0.063655585,0.0,0,9.0337019,0.0,0.0038941121,25.292354804146427,10.016984,360.83261,-9.2874231,25.292354804146427,0.056059334,101.29939335372352,0.0476954995,86.3644056432007,0.0020965054725274727,91.50017758800136,0.0020914883288584165,0.0020914883288584165
1974,1974,165.3441,4.1785111,0.10166378,0.0,0,9.0044374,0.0,0.0060520191,50.57121671432526,9.9893322,360.92413,-9.2873917,50.57121671432526,0.10926408,99.40156749327512,0.095390999,99.89642357032312,0.004193010945054945,92.10581660297588,0.0041879605929481594,0.0041879605929481594
1975,1975,165.3443,5.6224117,0.12477165,0.0,0,8.975174,0.0,0.0081809703,67.93394824791001,9.9656525,361.01566,-9.2863445,67.93394824791001,0.15171768,99.31110921924956,0.1430864985,99.3295001632753,0.0062895164175824185,92.46686724677969,0.006284446268323326,0.006284446268323326
1976,1976,165.3445,6.2359042,0.143987,0.0,0,8.9459095,0.0,0.0094992639,75.24297843807358,9.9335051,361.10718,-9.2851009,75.24297843807358,0.19436148,100.12404602220504,0.190781998,100.0558088422793,0.00838602189010989,92.72616163533559,0.008380937523204075,0.008380937523204075
1977,1977,165.3447,6.4525852,0.17734182,0.0,0,8.916646,0.0,0.011086455,77.67134652819162,9.8935404,361.1987,-9.2838039,77.67134652819162,0.23786992,100.4480488376603,0.23847749750000002,100.43856227410011,0.010482527362637363,92.92910244166556,0.0104774318680681,0.0104774318680681
1978,1978,165.3449,6.7424273,0.23419167,0.0,0,8.8873816,0.0,0.0147804,80.82874484751883,9.8504953,361.29022,-9.2831631,80.82874484751883,0.28321919,99.73997664561404,0.286172997,99.68560260767319,0.012579032835164837,93.09610892088781,0.012573928183285479,0.012573928183285479
1979,1979,165.3451,6.9609985,0.31947514,0.0,0,8.8581171,0.0,0.020493684,82.93551259154216,9.808465,361.38174,-9.2829857,82.93551259154216,0.33030972,98.8731284511062,0.3338684965,98.8018296516344,0.01467553830769231,93.23815447958081,0.01467042586716167,0.01467042586716167
1980,1980,165.3453,6.9424734,0.39043668,0.0,0,8.8288536,0.0,0.025315521,82.28863386878265,9.7645473,361.47327,-9.2825356,82.28863386878265,0.37823701,97.91292253794008,0.381563996,97.8573602086413,0.01677204378021978,93.36182920110822,0.016766924558348793,0.016766924558348793
1981,1981,165.3455,7.0816555,0.41349995,0.0,0,8.7995892,0.0,0.027686557,83.79705383355677,9.7138071,361.56476,-9.2829361,83.79705383355677,0.42585137,97.11773892440202,0.42925949550000003,97.03609366488705,0.018868549252747256,93.47140582214332,0.018863424022563878,0.018863424022563878
1982,1982,165.3457,7.5262156,0.43537864,0.0,0,8.7703257,0.0,0.029317416,88.91506489430515,9.6610699,361.65628,-9.2829514,88.91506489430515,0.47404271,95.96326428411248,0.47695499500000005,95.91660520506785,0.020965054725274726,93.56981487158016,0.02095992409911997,0.02095992409911997
1983,1983,165.3459,7.8066635,0.48720321,0.0,0,8.7416487,0.0,0.032005094,91.87825258358498,9.613306,361.7478,-9.2826853,91.87825258358498,0.52228218,95.19039719047257,0.5246504945,95.16478600290509,0.0230615601978022,93.65915491107558,0.02305642467294861,0.02305642467294861
1984,1984,165.3461,7.9085369,0.54334193,0.0,0,8.7136831,0.0,0.035983499,92.6930650950142,9.5701656,361.79779,-9.2820959,92.6930650950142,0.57016802,94.6725549739653,0.572345994,94.66175947915782,0.025158065670329674,93.74098098864397,0.02515292565878329,0.02515292565878329
1985,1985,165.3463,8.2206202,0.58485693,0.0,0,8.6858444,0.0,0.039556287,96.05555889303297,9.5277262,361.80627,-9.2811699,96.05555889303297,0.61729127,94.43898065182604,0.6200414935,94.43807738385694,0.027254571142857145,93.81647786264612,0.027249426991661274,0.027249426991661274
1986,1986,165.3465,8.5026789,0.59598184,0.0,0,8.6580124,0.0,0.04035588,99.26947616387784,9.4851303,361.81476,-9.2809668,99.26947616387784,0.6645112,94.42347200306618,0.667736993,94.42532573999442,0.02935107661538462,93.88656920507468,0.029345928620935716,0.029345928620935716
1987,1987,165.3467,8.3300734,0.5886516,0.0,0,8.6301804,0.0,0.039871171,97.30713365068824,9.4457941,361.82324,-9.2814798,97.30713365068824,0.71183449,94.4506668448426,0.7154324925000001,94.47114802455646,0.03144758208791209,93.95198925232917,0.031442430506346916,0.031442430506346916
1988,1988,165.3469,7.8667517,0.61699843,0.0,0,8.6023483,0.0,0.041656833,91.70189641592354,9.4132805,361.83173,-9.281662,91.70189641592354,0.76020855,94.72603013776651,0.763127992,94.77391241227969,0.03354408756043956,94.01333141858105,0.03353893261535675,0.03353893261535675
1989,1989,165.3471,7.7308698,0.67829192,0.0,0,8.5745173,0.0,0.045237519,89.70784024403416,9.3835554,361.84021,-9.2826033,89.70784024403416,0.80929607,95.53112306573384,0.8108234915,95.55178762419193,0.03564059303296704,94.0710822319316,0.03563543492128789,0.03563543492128789
1990,1990,165.3473,8.1063938,0.719522,0.0,0,8.5466843,0.0,0.048441101,93.77608278873171,9.352169,361.84869,-9.2834377,93.77608278873171,0.85864025,96.19870283476088,0.8585189910000001,96.19706231595578,0.03773709850549451,94.12564561370597,0.037731937401992474,0.037731937401992474
1991,1991,165.3475,8.5083971,0.73753858,0.0,0,8.5188522,0.0,0.050480183,98.29383823795698,9.3205681,361.85721,-9.2828779,98.29383823795698,0.90699631,96.83032154101969,0.9062144905,96.82010954647096,0.03983360397802198,94.17736062405493,0.03982844003887914,0.03982844003887914
1992,1992,165.3477,8.6379719,0.7520079,0.0,0,8.4910212,0.0,0.05119225,99.68257413142332,9.2893124,361.86569,-9.2823381,99.68257413142332,0.95390999,97.6541750510039,0.95390999,97.6541750510039,0.04193010945054945,94.22651467819554,0.04192494281618833,0.04192494281618833
1993,1993,165.3479,8.6928844,0.77584809,0.0,0,8.4631882,0.0,0.052364215,100.13687700733126,9.2558079,361.87418,-9.2809153,100.13687700733126,,,,,0.044026614923076926,94.2733535545137,0.0440214457204435,0.0440214457204435
1994,1994,165.3481,8.8279161,0.82727009,0.0,0,8.4353561,0.0,0.056059334,101.29939335372352,9.2172651,361.88266,-9.2798548,101.29939335372352,,,,,0.0461231203956044,94.31808908688173,0.04611794874002936,0.04611794874002936
1995,1995,165.3483,8.8170519,0.88845408,0.0,0,8.4075251,0.0,0.060319908,100.70768948442256,9.1767826,361.89114,-9.2803202,100.70768948442256,,,,,0.048219625868131874,94.36090515612098,0.04821445186486335,0.04821445186486335
1996,1996,165.3485,8.5641785,0.92894113,0.0,0,8.3796921,0.0,0.063141622,97.51917565423356,9.1399374,361.89963,-9.2809172,97.51917565423356,,,,,0.05031613134065935,94.40196241355262,0.05031095508613663,0.05031095508613663
1997,1997,165.3487,8.3723631,0.96091759,0.0,0,8.35186,0.0,0.065833271,95.10318854555756,9.1033669,361.90811,-9.2810612,95.10318854555756,,,,,0.052412636813186815,94.44140204568379,0.05240745839610763,0.05240745839610763
1998,1998,165.3489,8.5072651,1.000856,0.0,0,8.324029,0.0,0.068578117,96.34135213335732,9.0644188,361.9166,-9.2810936,96.34135213335732,,,,,0.05450914228571429,94.47934880469964,0.05450396178793595,0.05450396178793595
1999,1999,165.3491,8.7669411,1.0393686,0.0,0,8.2961969,0.0,0.070992,98.98968977155708,9.0246286,361.92508,-9.2814646,98.98968977155708,,,,,0.05660564775824176,94.51591347055557,0.0566004652555473,0.0566004652555473
2000,2000,165.3493,8.8295813,1.0721527,0.0,0,8.2683649,0.0,0.07377822,99.44628452920604,8.9827671,361.93356,-9.2817259,99.44628452920604,,,,,0.05870215323076924,94.55119486768874,0.058696968793522916,0.058696968793522916
2001,2001,165.3495,8.7585363,1.0974916,0.0,0,8.2405329,0.0,0.075885177,98.45390487116109,8.9458723,361.94205,-9.2812796,98.45390487116109,,,,,0.06079865870329671,94.5852815302575,0.0607934723970083,0.0607934723970083
2002,2002,165.3497,8.8362751,1.1142014,0.0,0,8.2127008,0.0,0.076761588,99.19987648740558,8.9147663,361.95053,-9.2811451,99.19987648740558,,,,,0.06289516417582418,94.61825308650475,0.06288997606163725,0.06288997606163725
2003,2003,165.3499,9.0393248,1.135361,0.0,0,8.1848688,0.0,0.078372702,101.3137361274421,8.8850756,361.95901,-9.2809763,101.3137361274421,,,,,0.06499166964835165,94.65018141768975,0.0649864797834684,0.0649864797834684
2004,2004,165.3501,9.0458469,1.1677152,0.0,0,8.1570368,0.0,0.080820203,101.13333143744732,8.8558168,361.9675,-9.2800016,101.13333143744732,,,,,0.06708817512087913,94.68113163414198,0.06708298355893161,0.06708298355893161
2005,2005,165.3503,8.8104057,1.202685,0.0,0,8.1292048,0.0,0.082933918,98.2341958639208,8.8262091,361.97598,-9.2793751,98.2341958639208,,,,,0.0691846805934066,94.7111629019343,0.06917948738478266,0.06917948738478266
2006,2006,165.3505,8.6738167,1.2305402,0.0,0,8.1013727,0.0,0.085169159,96.50195543703109,8.7988205,361.98447,-9.2788944,96.50195543703109,,,,,0.07128118606593407,94.74032914711803,0.07127599125806468,0.07127599125806468
2007,2007,165.3507,8.882247,1.2517847,0.0,0,8.0735407,0.0,0.087107003,98.65740851072717,8.7739067,361.99295,-9.2786894,98.65740851072717,,,,,0.07337769153846155,94.76867965830574,0.0733724951760751,0.0733724951760751
2008,2008,165.3509,9.2040672,1.2769774,0.0,0,8.0462637,0.0,0.088435955,102.03106406809404,8.7439842,362.00146,-9.2792521,102.03106406809404,,,,,0.07547419701098902,94.79625960506479,0.07546899913633713,0.07546899913633713
2009,2009,165.3511,9.307045,1.3108925,0.0,0,8.0196581,0.0,0.090768628,102.8991415657003,8.7108898,362.00995,-9.2798071,102.8991415657003,,,,,0.0775707024835165,94.8231104856741,0.07756550313657538,0.07756550313657538
2010,2010,165.3513,9.2089806,1.3525676,0.0,0,7.9931717,0.0,0.094166905,101.48240647828904,8.6797743,362.01843,-9.2798014,101.48240647828904,,,,,0.07966720795604396,94.84927051554996,0.07966200717469439,0.07966200717469439
2011,2011,165.3515,9.1258669,1.3988839,0.0,0,7.966691,0.0,0.097213604,100.2002425363432,8.6481581,362.02692,-9.2796249,100.2002425363432,,,,,0.08176371342857143,94.87477496555017,0.08175851124876021,0.08175851124876021
2012,2012,165.3517,9.136673,1.4349113,0.0,0,7.9402113,0.0,0.099872671,100.03363886432982,8.6158447,362.0354,-9.2804556,100.03363886432982,,,,,0.0838602189010989,94.89965645774836,0.08385501535698409,0.08385501535698409
2013,2013,165.3519,9.1411619,1.4597746,0.0,0,7.9137316,0.0,0.10227292,99.88581950618018,8.5819092,362.04388,-9.2810745,99.88581950618018,,,,,0.08595672437362638,94.92394522486444,0.08595151949770831,0.08595151949770831
2014,2014,165.3521,9.0861015,1.4941436,0.0,0,7.8872514,0.0,0.10442524,99.01352768747395,8.5477304,362.05237,-9.2809563,99.01352768747395,,,,,0.08805322984615385,94.94766933870487,0.08804802366939364,0.08804802366939364
2015,2015,165.3523,9.0631056,1.5304739,0.0,0,7.8607712,0.0,0.10688143,98.47755215472942,8.5152845,362.06085,-9.280942,98.47755215472942,,,,,0.09014973531868133,94.97085491188204,0.09014452787060825,0.09014452787060825
2016,2016,165.3525,9.1648827,1.5533683,0.0,0,7.8342915,0.0,0.10926408,99.40156749327512,8.4837694,362.06934,-9.2800493,99.40156749327512,,,,,0.0922462407912088,94.99352627640616,0.09224103210001801,0.09224103210001801
2017,2017,165.3527,9.3045712,1.5740066,0.0,0,7.8078113,0.0,0.1106635,100.75016386110296,8.4527435,362.07782,-9.2784901,100.75016386110296,,,,,0.09434274626373627,95.01570614253409,0.09433753635637762,0.09433753635637762
2018,2018,165.3529,9.3427105,1.5919124,0.0,0,7.7813311,0.0,0.11162143,101.01812497378609,8.4240971,362.0863,-9.2778301,101.01812497378609,,,,,0.09643925173626375,95.03741574005961,0.09643404063852304,0.09643404063852304
2019,2019,165.3531,9.285553,1.608882,0.0,0,7.7548509,0.0,0.11324853,100.26351514534367,8.3972969,362.09479,-9.2784252,100.26351514534367,,,,,0.09853575720879122,95.05867494464512,0.09853054494536442,0.09853054494536442
2020,2020,165.3533,9.2236605,1.6434853,0.0,0,7.7283711,0.0,0.11559139,99.31852257719808,8.3699236,362.10327,-9.2796583,99.31852257719808,,,,,0.1006322626813187,95.07950239090009,0.10062704927588001,0.10062704927588001
2021,2021,165.3535,9.2133255,1.6802025,0.0,0,7.7018909,0.0,0.11795282,98.91395438635568,8.3445263,362.11176,-9.280179,98.91395438635568,,,,,0.10272876815384616,95.09991557392793,0.1027235536291105,0.1027235536291105
2022,2022,165.3537,9.2585688,1.696395,0.0,0,7.6754107,0.0,0.1198269,99.2697039634833,8.3207865,362.12024,-9.2804947,99.2697039634833,,,,,0.10482527362637363,95.1199309405073,0.1048200580041541,0.1048200580041541
2023,2023,165.3539,9.3581705,1.7139713,0.0,0,7.6489305,0.0,0.1212471,100.19501486276258,8.2948408,362.12872,-9.28022,100.19501486276258,,,,,0.1069217790989011,95.13956397159961,0.10691656240016194,0.10691656240016194
2024,2024,165.3541,9.4884377,1.7408608,0.0,0,7.6224508,0.0,0.12258908,101.36852187235507,8.2674465,362.13724,-9.2800188,101.36852187235507,,,,,0.10901828457142858,95.15882925659429,0.10901306681633406,0.10901306681633406
2025,2025,165.3543,9.5741348,1.764866,0.0,0,7.5959711,0.0,0.12471699,102.0847690588897,8.2401657,362.14572,-9.2806778,102.0847690588897,,,,,0.11111479004395605,95.17774056077116,0.11110957125191567,0.11110957125191567
2026,2026,165.3545,9.561183,1.8015329,0.0,0,7.5694909,0.0,0.12762466,101.64266224094268,8.210537,362.15421,-9.2797976,101.64266224094268,,,,,0.11321129551648353,95.1963108863109,0.11320607570619386,0.11320607570619386
2027,2027,165.3547,9.4900713,1.8398066,0.0,0,7.5430107,0.0,0.13002202,100.57169917851402,8.1821795,362.16269,-9.2789545,100.57169917851402,,,,,0.115307800989011,95.21455252791966,0.11530258017849446,0.11530258017849446
2028,2028,165.3549,9.4504337,1.8600278,0.0,0,7.516531,0.0,0.13199699,99.98590299367469,8.1537437,362.17117,-9.2792606,99.98590299367469,,,,,0.11740430646153847,95.23247712328197,0.11739908466817935,0.11739908466817935
2029,2029,165.3551,9.4670057,1.8895092,0.0,0,7.4900513,0.0,0.13450456,99.91916927930733,8.1247845,362.17966,-9.2793856,99.91916927930733,,,,,0.11950081193406595,95.25009569927917,0.11949558917464392,0.11949558917464392
2030,2030,165.3553,9.4876032,1.9278661,0.0,0,7.4635711,0.0,0.13683532,99.8209183450945,8.0960484,362.18814,-9.2791948,99.8209183450945,,,,,0.12159731740659342,95.2674187140573,0.12159209369731473,0.12159209369731473
2031,2031,165.3555,9.4869881,1.9502691,0.0,0,7.4370909,0.0,0.13876224,99.63008936329,8.0661821,362.19662,-9.2786388,99.63008936329,,,,,0.12369382287912088,95.28445609562985,0.12368859823564737,0.12368859823564737
2032,2032,165.3557,9.5230379,1.9720715,0.0,0,7.4106107,0.0,0.14093213,99.828571451965,8.0379028,362.20511,-9.2790718,99.828571451965,,,,,0.12579032835164836,95.30121727718505,0.12578510278912466,0.12578510278912466
2033,2033,165.3559,9.6149473,1.9970614,0.0,0,7.3846622,0.0,0.14241055,100.58360667043968,8.0127163,362.21359,-9.2803726,100.58360667043968,,,,,0.12788683382417584,95.3177112295174,0.12788160735725468,0.12788160735725468
2034,2034,165.3561,9.6986599,2.0123925,0.0,0,7.3593569,0.0,0.143566,101.33034565132716,7.9862394,362.14963,-9.2809143,101.33034565132716,,,,,0.1299833392967033,95.33394649087977,0.12997811193956924,0.12997811193956924
2035,2035,165.3563,9.6921778,2.037303,0.0,0,7.334168,0.0,0.1458752,101.05316148572612,7.9606886,362.01324,-9.2816858,101.05316148572612,,,,,0.1320798447692308,95.34993119438843,0.13207461653562244,0.13207461653562244
2036,2036,165.3565,9.6096287,2.0720975,0.0,0,7.3089838,0.0,0.14816882,99.90238861480933,7.9369092,361.87686,-9.2819309,99.90238861480933,,,,,0.13417635024175825,95.36567309338865,0.13417112114498905,0.13417112114498905
2037,2037,165.3567,9.560462,2.0935948,0.0,0,7.2837996,0.0,0.14975658,99.21292449644518,7.9104896,361.74051,-9.2812071,99.21292449644518,,,,,0.1362728557142857,95.3811795847278,0.1362676257672636,0.1362676257672636
2038,2038,165.3569,9.585454,2.1129725,0.0,0,7.258616,0.0,0.15171768,99.31110921924956,7.8858633,361.60413,-9.28092,99.31110921924956,,,,,0.1383693611868132,95.39645773037772,0.1383641304020588,0.1383641304020588
2039,2039,165.3571,9.6650219,2.138185,0.0,0,7.2334318,0.0,0.15341188,99.9240342024109,7.8637342,361.46774,-9.2807159,99.9240342024109,,,,,0.14046586665934066,95.41151427743083,0.1404606350490047,0.1404606350490047
2040,2040,165.3573,9.753932,2.1581726,0.0,0,7.2082477,0.0,0.15469356,100.67407444953724,7.8384099,361.33139,-9.280158,100.67407444953724,,,,,0.14256237213186815,95.4263556765574,0.14255713970774764,0.14255713970774764
2041,2041,165.3575,9.8284054,2.1835501,0.0,0,7.1830635,0.0,0.15709999,101.22629556441623,7.8087716,361.19501,-9.2795773,101.22629556441623,,,,,0.1446588776043956,95.44098809920244,0.14465364437794914,0.14465364437794914
2042,2042,165.3577,9.8788395,2.216342,0.0,0,7.1578794,0.0,0.15954465,101.46459767484544,7.7852383,361.05862,-9.2794552,101.46459767484544,,,,,0.1467553830769231,95.45541745344966,0.14675014905928535,0.14675014905928535
2043,2043,165.3579,9.8896217,2.2413673,0.0,0,7.1326952,0.0,0.16108507,101.36054318148643,7.7623911,360.92227,-9.2802076,101.36054318148643,,,,,0.14885188854945056,95.46964939896688,0.14884665375144585,0.14884665375144585
2044,2044,165.3581,9.8580055,2.2636201,0.0,0,7.107511,0.0,0.16330622,100.84610419854322,7.7343311,360.78589,-9.2802315,100.84610419854322,,,,,0.15094839402197804,95.48368936062812,0.15094315845413322,0.15094315845413322
2045,2045,165.3583,9.8062248,2.2935166,0.0,0,7.0823274,0.0,0.16573688,100.0619253144973,7.7079606,360.64951,-9.2800589,100.0619253144973,,,,,0.1530448994945055,95.49754254147487,0.1530396631670622,0.1530396631670622
2046,2046,165.3585,9.7714491,2.3224714,0.0,0,7.0571437,0.0,0.16748936,99.46148281166336,7.6833019,360.51315,-9.2807932,99.46148281166336,,,,,0.155141404967033,95.51121393462235,0.15513616788995896,0.15513616788995896
2047,2047,165.3587,9.790556,2.3467507,0.0,0,7.0319595,0.0,0.1697714,99.4496176139704,7.6581478,360.37677,-9.2816401,99.4496176139704,,,,,0.15723791043956045,95.52470833447097,0.1572326726225606,0.1572326726225606
2048,2048,165.3589,9.8535604,2.3688974,0.0,0,7.0067749,0.0,0.1718315,99.90015265337496,7.6323571,360.24042,-9.2816362,99.90015265337496,,,,,0.1593344159120879,95.53803034711073,0.1593291773646146,0.1593291773646146
2049,2049,165.3591,9.9229794,2.3873405,0.0,0,6.9815912,0.0,0.17283635,100.44507373482485,7.6072712,360.10403,-9.2810392,100.44507373482485,,,,,0.1614309213846154,95.5511844001031,0.1614256821158782,0.1614256821158782
2050,2050,165.3593,9.974802,2.4084136,0.0,0,6.9564075,0.0,0.1746628,100.78715217248951,7.5848083,359.96765,-9.2810144,100.78715217248951,,,,,0.16352742685714286,95.56417475161192,0.1635221868761179,0.1635221868761179
2051,2051,165.3595,9.9957256,2.4353399,0.0,0,6.9312234,0.0,0.17712426,100.76488401342613,7.5586863,359.8313,-9.2809505,100.76488401342613,,,,,0.16562393232967035,95.57700549896049,0.165618691645109,0.165618691645109
2052,2052,165.3597,10.002891,2.4633989,0.0,0,6.9060392,0.0,0.1788628,100.5934146083966,7.5325508,359.69492,-9.2802143,100.5934146083966,,,,,0.1677204378021978,95.58968058665185,0.16771519642263522,0.16771519642263522
2053,2053,165.3599,9.9813118,2.4855006,0.0,0,6.8808551,0.0,0.18070939,100.18484805213627,7.5117373,359.55853,-9.2801847,100.18484805213627,,,,,0.1698169432747253,95.60220381387562,0.16981170120848832,0.16981170120848832
2054,2054,165.3601,9.9541254,2.5035887,0.0,0,6.8556719,0.0,0.18263035,99.75562150488406,7.4893522,359.42218,-9.2804461,99.75562150488406,,,,,0.17191344874725276,95.61457884166839,0.17190820600246745,0.17190820600246745
2055,2055,165.3603,9.9875832,2.5281067,0.0,0,6.8304877,0.0,0.18407056,99.8782695549916,7.4636502,359.2858,-9.2804461,99.8782695549916,,,,,0.17400995421978024,95.62680919941243,0.17400471080437915,0.17400471080437915
2056,2056,165.3605,10.065613,2.5543368,0.0,0,6.8053036,0.0,0.18607397,100.42929733425052,7.4380584,359.14941,-9.2804489,100.42929733425052,,,,,0.1761064596923077,95.63889829119596,0.17610121561403674,0.17610121561403674
2057,2057,165.3607,10.120621,2.5773265,0.0,0,6.7801194,0.0,0.1884962,100.77606575964607,7.4139047,359.01306,-9.2809973,100.77606575964607,,,,,0.1782029651648352,95.65084940166881,0.17819772043126017,0.17819772043126017
2058,2058,165.3609,10.121484,2.6056612,0.0,0,6.7554379,0.0,0.19033869,100.53557188445424,7.3883848,358.87668,-9.2813196,100.53557188445424,,,,,0.18029947063736265,95.66266570154492,0.18029422525587552,0.18029422525587552
2059,2059,165.3611,10.104341,2.6310859,0.0,0,6.7313633,0.0,0.19217598,100.14215278865964,7.36481,358.74033,-9.281229,100.14215278865964,,,,,0.1823959761098901,95.67435025286326,0.1823907300877149,0.1823907300877149
2060,2060,165.3613,10.119414,2.6501408,0.0,0,6.7073984,0.0,0.19436148,100.12404602220504,7.3423014,358.60394,-9.2815447,100.12404602220504,,,,,0.1844924815824176,95.68590601393352,0.18448723492661614,0.18448723492661614
2061,2061,165.3615,10.160179,2.6796186,0.0,0,6.6834378,0.0,0.1963878,100.26721880478804,7.316123,358.46756,-9.2818642,100.26721880478804,,,,,0.18658898705494506,95.69733584390642,0.18658373977242243,0.18658373977242243
2062,2062,165.3617,10.176924,2.7089381,0.0,0,6.6594777,0.0,0.19838375,100.1732575417228,7.2916608,358.33121,-9.2821798,100.1732575417228,,,,,0.18868549252747255,95.70864250723234,0.18868024462498223,0.18868024462498223
2063,2063,165.3619,10.177449,2.7256086,0.0,0,6.6355181,0.0,0.20047891,100.0310277030569,7.2654972,358.19482,-9.2809296,100.0310277030569,,,,,0.190781998,95.71982867780707,0.19077674948414886,0.19077674948414886
2064,2064,165.3621,10.204155,2.7484403,0.0,0,6.6115575,0.0,0.20221446,100.09110094141498,7.2413669,358.05844,-9.2802601,100.09110094141498,,,,,0.1928785034725275,95.73089694284714,0.1928732543497805,0.1928732543497805
2065,2065,165.3623,10.254023,2.7746456,0.0,0,6.5875978,0.0,0.20379628,100.34678147269976,7.2174873,357.92209,-9.2807083,100.34678147269976,,,,,0.19497500894505496,95.74184980667681,0.19496975922173984,0.19496975922173984
2066,2066,165.3625,10.297059,2.7914608,0.0,0,6.5636377,0.0,0.20571251,100.61749045802097,7.1919775,357.78571,-9.2808409,100.61749045802097,,,,,0.19707151441758244,95.7526896941869,0.19706626409989392,0.19706626409989392
2067,2067,165.3627,10.299226,2.818002,0.0,0,6.5396781,0.0,0.2078331,100.40114093946109,7.1700912,357.64932,-9.2801523,100.40114093946109,,,,,0.1991680198901099,95.76341895417714,0.1991627689841139,0.1991627689841139
2068,2068,165.3629,10.280476,2.8482873,0.0,0,6.515718,0.0,0.20970513,99.94780390587113,7.145988,357.51297,-9.2795668,99.94780390587113,,,,,0.2012645253626374,95.7740398625447,0.20125927387427503,0.20125927387427503
2069,2069,165.3631,10.29159,2.8629234,0.0,0,6.4917583,0.0,0.21148077,99.92495583166392,7.1200418,357.37659,-9.2800922,99.92495583166392,,,,,0.20336103083516485,95.78455462524846,0.20335577877025635,0.20335577877025635
2070,2070,165.3633,10.340587,2.8854682,0.0,0,6.4677982,0.0,0.21357173,100.19808653266064,7.0962567,357.24023,-9.279604,100.19808653266064,,,,,0.2054575363076923,95.79496538116811,0.20545228367194057,0.20545228367194057
2071,2071,165.3635,10.398922,2.916008,0.0,0,6.4438381,0.0,0.2154444,100.48732907636676,7.0722799,357.10385,-9.2799263,100.48732907636676,,,,,0.2075540417802198,95.80527420479515,0.20754878857921397,0.20754878857921397
2072,2072,165.3637,10.436534,2.9347942,0.0,0,6.419878,0.0,0.21735449,100.68037483182462,7.046452,356.96747,-9.281146,100.68037483182462,,,,,0.20965054725274726,95.81548310881223,0.20964529349196614,0.20964529349196614
2073,2073,165.3639,10.453234,2.9614596,0.0,0,6.3959174,0.0,0.21981135,100.59919954511751,7.0213876,356.83112,-9.2817411,100.59919954511751,,,,,0.21174705272527475,95.82559404653934,0.21174179841009003,0.21174179841009003
2074,2074,165.3641,10.473282,2.9935119,0.0,0,6.3719578,0.0,0.22183646,100.50033558491806,6.9982648,356.69473,-9.2816858,100.50033558491806,,,,,0.2138435581978022,95.8356089142026,0.21383830333348164,0.21383830333348164
2075,2075,165.3643,10.490689,3.0105319,0.0,0,6.3479977,0.0,0.2235942,100.5121569608165,6.9740667,356.55835,-9.2810392,100.5121569608165,,,,,0.2159400636703297,95.84552955323402,0.21593480826203998,0.21593480826203998
2076,2076,165.3645,10.49384,3.0350168,0.0,0,6.324038,0.0,0.22606848,100.31897945030244,6.9473524,356.422,-9.2807322,100.31897945030244,,,,,0.21803656914285716,95.85535775223353,0.21803131319566701,0.21803131319566701
2077,2077,165.3647,10.492865,3.0683355,0.0,0,6.3000779,0.0,0.2281788,100.00571234995618,6.9229746,356.28561,-9.2806759,100.00571234995618,,,,,0.22013307461538464,95.86509524913653,0.22012781813426743,0.22012781813426743
2078,2078,165.3649,10.49893,3.0877049,0.0,0,6.2761183,0.0,0.2298739,99.88670916724077,6.8978038,356.14923,-9.2807693,99.88670916724077,,,,,0.2222295800879121,95.87474373298939,0.22222432307774861,0.22222432307774861
2079,2079,165.3651,10.528118,3.1091053,0.0,0,6.2521582,0.0,0.23223305,99.96850456775776,6.8724694,356.01288,-9.2813206,99.96850456775776,,,,,0.22432608556043956,95.88430484582342,0.2243208280260205,0.2243208280260205
2080,2080,165.3653,10.578212,3.1368823,0.0,0,6.2281981,0.0,0.23406082,100.18867228050686,6.849515,355.8765,-9.2809772,100.18867228050686,,,,,0.22642259103296705,95.89378018440198,0.2264173329789956,0.2264173329789956
2081,2081,165.3655,10.623048,3.154048,0.0,0,6.2042384,0.0,0.23539044,100.4547563917248,6.8261046,355.74011,-9.2797556,100.4547563917248,,,,,0.2285190965054945,95.90317130183952,0.22851383793658872,0.22851383793658872
2082,2082,165.3657,10.644554,3.1767426,0.0,0,6.1802783,0.0,0.23786992,100.4480488376603,6.8025427,355.60376,-9.2794924,100.4480488376603,,,,,0.230615601978022,95.91247970920693,0.230610342898717,0.230610342898717
2083,2083,165.3659,10.653827,3.2077994,0.0,0,6.1567988,0.0,0.24016392,100.24780610301606,6.77737,355.46738,-9.2800064,100.24780610301606,,,,,0.23271210745054946,95.92170687701025,0.2327068478652998,0.2327068478652998
2084,2084,165.3661,10.662606,3.2267425,0.0,0,6.1339011,0.0,0.24155773,100.15474620715082,6.7527723,355.37073,-9.280591,100.15474620715082,,,,,0.23480861292307695,95.93085423668576,0.23480335283625867,0.23480335283625867
2085,2085,165.3663,10.667439,3.2459493,0.0,0,6.1111083,0.0,0.24375215,100.02194281854906,6.727293,355.31375,-9.2804804,100.02194281854906,,,,,0.2369051183956044,95.93992318191968,0.23689985781151715,0.23689985781151715
2086,2086,165.3665,10.676274,3.2742579,0.0,0,6.0883203,0.0,0.24596006,99.84190511981,6.7028604,355.25677,-9.2801208,99.84190511981,,,,,0.2390016238681319,95.94891507000948,0.23899636279100084,0.23899636279100084
2087,2087,165.3667,10.701343,3.2977297,0.0,0,6.0655322,0.0,0.24750504,99.85785697309755,6.6798964,355.1998,-9.2802248,99.85785697309755,,,,,0.24109812934065936,95.95783122310831,0.2410928677746372,0.2410928677746372
2088,2088,165.3669,10.740751,3.3204424,0.0,0,6.0427446,0.0,0.24995808,100.01337548186451,6.657402,355.14282,-9.2807665,100.01337548186451,,,,,0.24319463481318684,95.96667292939584,0.2431893727623557,0.2431893727623557
2089,2089,165.3671,10.786111,3.347507,0.0,0,6.0199566,0.0,0.25235602,100.18179465568257,6.6353359,355.08585,-9.2812881,100.18179465568257,,,,,0.2452911402857143,95.97544144433654,0.24528587775408736,0.24528587775408736
2090,2090,165.3673,10.8171,3.3692687,0.0,0,5.9971681,0.0,0.25371528,100.26482789759112,6.6091642,355.02887,-9.2813492,100.26482789759112,,,,,0.24738764575824176,95.98413799165398,0.24738238274976518,0.24738238274976518
2091,2091,165.3675,10.837382,3.3907673,0.0,0,5.97438,0.0,0.25592476,100.2501167410195,6.5859756,354.97189,-9.2812147,100.2501167410195,,,,,0.24948415123076925,95.99276376447047,0.24947888774932372,0.24947888774932372
2092,2092,165.3677,10.856305,3.4178038,0.0,0,5.951592,0.0,0.25844234,100.16977955651484,6.5615416,354.91495,-9.2813358,100.16977955651484,,,,,0.2515806567032967,96.00131992633415,0.2515753927526992,0.2515753927526992
2093,2093,165.3679,10.865079,3.4427173,0.0,0,5.9288039,0.0,0.2600753,100.01520292404348,6.5351949,354.85797,-9.2811298,100.01520292404348,,,,,0.2536771621758242,96.00980761212999,0.25367189775982935,0.25367189775982935
2094,2094,165.3681,10.869115,3.4650776,0.0,0,5.9060163,0.0,0.26228654,99.84086985750962,6.5121017,354.80099,-9.2812243,99.84086985750962,,,,,0.2557736676483517,96.01822792908052,0.25576840277065344,0.25576840277065344
2095,2095,165.3683,10.882879,3.4895372,0.0,0,5.8832283,0.0,0.26474005,99.73565631538314,6.4877572,354.74402,-9.2812185,99.73565631538314,,,,,0.2578701731208791,96.02658195758767,0.25786490778511223,0.25786490778511223
2096,2096,165.3685,10.906929,3.5151849,0.0,0,5.8604403,0.0,0.26636583,99.71261247880264,6.4641418,354.68704,-9.2809067,99.71261247880264,,,,,0.2599666785934066,96.03487075211964,0.259961412803148,0.259961412803148
2097,2097,165.3687,10.931976,3.5387933,0.0,0,5.8376522,0.0,0.26849675,99.71697616370636,6.4416862,354.63007,-9.2804356,99.71697616370636,,,,,0.2620631840659341,96.04309534205248,0.2620579178247043,0.2620579178247043
2098,2098,165.3689,10.954626,3.5621493,0.0,0,5.8148637,0.0,0.27108854,99.70088956450212,6.418108,354.57309,-9.2803841,99.70088956450212,,,,,0.2641596895384616,96.05125673242638,0.26415442284972585,0.26415442284972585
2099,2099,165.3691,10.981513,3.5879157,0.0,0,5.7920756,0.0,0.27278176,99.69930516458994,6.3942361,354.51611,-9.2814112,99.69930516458994,,,,,0.266256195010989,96.05935590472608,0.26625092787815896,0.26625092787815896
2100,2100,165.3693,11.017509,3.610029,0.0,0,5.7692881,0.0,0.27462664,99.81403046153714,6.3689752,354.45914,-9.2816763,99.81403046153714,,,,,0.2683527004835165,96.06739381763153,0.26834743290995106,0.26834743290995106
2101,2101,165.3695,11.043818,3.6296403,0.0,0,5.7465,0.0,0.27701765,99.863839588803,6.3430743,354.40216,-9.2808619,99.863839588803,,,,,0.270449205956044,96.0753714077072,0.27044393794505084,0.27044393794505084
2102,2102,165.3697,11.054774,3.656214,0.0,0,5.723712,0.0,0.27892065,99.70716727635111,6.3190908,354.34518,-9.2812595,99.70716727635111,,,,,0.2725457114285714,96.0832895900386,0.27254044298340796,0.27254044298340796
2103,2103,165.3699,11.073418,3.6811755,0.0,0,5.7009239,0.0,0.28088048,99.63467824645454,6.297019,354.28821,-9.2815905,99.63467824645454,,,,,0.2746422169010989,96.09114925894457,0.27463694802497357,0.27463694802497357
2104,2104,165.3701,11.105408,3.7000539,0.0,0,5.6781363,0.0,0.28321919,99.73997664561404,6.2730708,354.23123,-9.2810268,99.73997664561404,,,,,0.2767387223736264,96.0989512886088,0.27673345306969965,0.27673345306969965
2105,2105,165.3703,11.127304,3.7264383,0.0,0,5.6553483,0.0,0.28518358,99.68100022667625,6.2495828,354.17426,-9.2809658,99.68100022667625,,,,,0.2788352278461539,96.1066965336057,0.2788299581175394,0.2788299581175394
2106,2106,165.3705,11.143604,3.7520118,0.0,0,5.6325603,0.0,0.28707242,99.5788686556428,6.2259569,354.11728,-9.2809753,99.5788686556428,,,,,0.2809317333186813,96.11438582955394,0.2809264631684468,0.2809264631684468
2107,2107,165.3707,11.167047,3.7698946,0.0,0,5.6097717,0.0,0.28938335,99.6144558144346,6.2013569,354.0603,-9.2815552,99.6144558144346,,,,,0.2830282387912088,96.12201999367902,0.2830229682223773,0.2830229682223773
2108,2108,165.3709,11.185519,3.7971101,0.0,0,5.5874381,0.0,0.29153091,99.51412798594409,6.1790247,354.00333,-9.2817802,99.51412798594409,,,,,0.2851247442637363,96.12959982526944,0.285119473279287,0.285119473279287
2109,2109,165.3711,11.204589,3.8252339,0.0,0,5.5656548,0.0,0.29349709,99.40934947836372,6.1580486,353.94638,-9.2817717,99.40934947836372,,,,,0.2872212497362638,96.13712610630984,0.287215978339133,0.287215978339133
2110,2110,165.3713,11.234664,3.84235,0.0,0,5.5439701,0.0,0.29574358,99.50870059497308,6.1334825,353.8894,-9.2823067,99.50870059497308,,,,,0.2893177552087912,96.1445996018877,0.2893124834018732,0.2893124834018732
2111,2111,165.3715,11.266157,3.8677287,0.0,0,5.5222902,0.0,0.29795942,99.53860487327944,6.1076565,353.83243,-9.2817726,99.53860487327944,,,,,0.2914142606813187,96.15202106073549,0.29140898846746677,0.29140898846746677
2112,2112,165.3717,11.305867,3.8975136,0.0,0,5.5006099,0.0,0.29985383,99.59612428554404,6.0849323,353.77545,-9.2815256,99.59612428554404,,,,,0.2935107661538462,96.1593912156316,0.29350549353587346,0.29350549353587346
2113,2113,165.3719,11.336103,3.9146395,0.0,0,5.47893,0.0,0.30202842,99.69336154164384,6.0596156,353.71848,-9.2814999,99.69336154164384,,,,,0.2956072716263736,96.16671078396016,0.2956019986070539,0.2956019986070539
2114,2114,165.3721,11.348713,3.9393439,0.0,0,5.4572496,0.0,0.304483,99.5600170699396,6.0337152,353.6615,-9.2809763,99.5600170699396,,,,,0.2977037770989011,96.17398046801827,0.29769850368096956,0.29769850368096956
2115,2115,165.3723,11.353875,3.9689357,0.0,0,5.4355698,0.0,0.30642399,99.3125893434828,6.0104685,353.60452,-9.2812328,99.3125893434828,,,,,0.2998002825714286,96.18120095552928,0.2997950087575828,0.2997950087575828
2116,2116,165.3725,11.36283,3.9843807,0.0,0,5.4138899,0.0,0.30830631,99.23801277977496,5.9855409,353.54755,-9.2813444,99.23801277977496,,,,,0.3018967880439561,96.18837291997541,0.3018915138368567,0.3018915138368567
2117,2117,165.3727,11.384126,4.0083709,0.0,0,5.39221,0.0,0.3107833,99.18604208497833,5.9610429,353.49057,-9.281496,99.18604208497833,,,,,0.3039932935164835,96.19549702102248,0.30398801891875493,0.30398801891875493
2118,2118,165.3729,11.408148,4.0400519,0.0,0,5.3705297,0.0,0.31292361,99.08040648810038,5.9393563,353.43359,-9.2818918,99.08040648810038,,,,,0.306089798989011,96.2025739049334,0.30608452400324226,0.30608452400324226
2119,2119,165.3731,11.441063,4.0573292,0.0,0,5.3488498,0.0,0.31484061,99.19402073144988,5.9159451,353.37662,-9.2816505,99.19402073144988,,,,,0.3081863044615385,96.20960420487309,0.3081810290902839,0.3081810290902839
2120,2120,165.3733,11.484165,4.0808768,0.0,0,5.3271699,0.0,0.3174673,99.33204948886626,5.8905826,353.31964,-9.2811527,99.33204948886626,,,,,0.310282809934066,96.2165885412528,0.31027753417984577,0.31027753417984577
2121,2121,165.3735,11.519956,4.1111736,0.0,0,5.30549,0.0,0.31960303,99.33744562297052,5.8661637,353.26266,-9.2811365,99.33744562297052,,,,,0.3123793154065934,96.22352752213119,0.31237403927189455,0.31237403927189455
2122,2122,165.3737,11.540627,4.1264057,0.0,0,5.2838097,0.0,0.32126015,99.362481021863,5.8430037,353.20569,-9.281147,99.362481021863,,,,,0.3144758208791209,96.23042174351461,0.31447054436639765,0.31447054436639765
2123,2123,165.3739,11.560312,4.1487083,0.0,0,5.2621298,0.0,0.3238129,99.30724081397638,5.8189049,353.14871,-9.2803669,99.30724081397638,,,,,0.3165723263516484,96.2372717896346,0.316567049463323,0.316567049463323
2124,2124,165.3741,11.569389,4.1805959,0.0,0,5.2404499,0.0,0.32596865,99.06363736610948,5.7941899,353.09174,-9.2802448,99.06363736610948,,,,,0.3186688318241758,96.24407823330019,0.31866355456263906,0.31866355456263906
2125,2125,165.3743,11.576013,4.198945,0.0,0,5.21877,0.0,0.32763168,98.9351921912102,5.7694077,353.03479,-9.2808447,98.9351921912102,,,,,0.3207653372967033,96.25084163620251,0.3207600596643152,0.3207600596643152
2126,2126,165.3745,11.594121,4.220397,0.0,0,5.1970901,0.0,0.33030972,98.8731284511062,5.7454948,352.97781,-9.2809,98.8731284511062,,,,,0.3228618427692308,96.25756254919405,0.32285656476832114,0.32285656476832114
2127,2127,165.3747,11.620594,4.2500482,0.0,0,5.1754103,0.0,0.33262452,98.79848486110684,5.7216105,352.92084,-9.2810555,98.79848486110684,,,,,0.3249583482417583,96.26424151250981,0.3249530698746273,0.3249530698746273
2128,2128,165.3749,11.642632,4.2693334,0.0,0,5.1537299,0.0,0.33416975,98.79008760780076,5.698278,352.86386,-9.2809553,98.79008760780076,,,,,0.3270548537142857,96.27087905613077,0.3270495749832045,0.3270495749832045
2129,2129,165.3751,11.668802,4.2910671,0.0,0,5.13205,0.0,0.33678913,98.79101835079496,5.6754017,352.80688,-9.2807302,98.79101835079496,,,,,0.3291513591868132,96.27747569996585,0.3291460800940244,0.3291460800940244
2130,2130,165.3753,11.708944,4.3202987,0.0,0,5.1103697,0.0,0.33933714,98.83241449071708,5.6515117,352.74991,-9.2808056,98.83241449071708,,,,,0.3312478646593407,96.28403195417297,0.3312425852070589,0.3312425852070589
2131,2131,165.3755,11.748029,4.3404222,0.0,0,5.0886898,0.0,0.34082195,98.95616079053625,5.6291938,352.69293,-9.2810335,98.95616079053625,,,,,0.3333443701318682,96.29054831932484,0.33333909032228065,0.33333909032228065
2132,2132,165.3757,11.779339,4.3603611,0.0,0,5.0670099,0.0,0.34325859,99.015066920279,5.6070838,352.63596,-9.2812853,99.015066920279,,,,,0.3354408756043956,96.29702528673158,0.33543559543966256,0.33543559543966256
2133,2133,165.3759,11.789375,4.3877864,0.0,0,5.0457649,0.0,0.345835,98.81744086330043,5.5814734,352.57898,-9.2811432,98.81744086330043,,,,,0.3375373810769231,96.30346333859634,0.33753210055917837,0.33753210055917837
2134,2134,165.3761,11.780351,4.4096322,0.0,0,5.0250454,0.0,0.34732506,98.51734162789236,5.5567904,352.49033,-9.2809391,98.51734162789236,,,,,0.3396338865494506,96.30986294829802,0.33962860568080205,0.33962860568080205
2135,2135,165.3763,11.786261,4.4288616,0.0,0,5.0044208,0.0,0.34962928,98.369078451228,5.5357814,352.37006,-9.2807264,98.369078451228,,,,,0.341730392021978,96.31622458055874,0.34172511080450807,0.34172511080450807
2136,2136,165.3765,11.815627,4.4531174,0.0,0,4.9838009,0.0,0.35208818,98.36417248992174,5.5140963,352.24979,-9.2806501,98.36417248992174,,,,,0.3438268974945055,96.32254869167713,0.3438216159302715,0.3438216159302715
2137,2137,165.3767,11.846629,4.4749312,0.0,0,4.9631805,0.0,0.35353616,98.39683022515364,5.4905305,352.12952,-9.2808428,98.39683022515364,,,,,0.345923402967033,96.32883572973337,0.3459181210580677,0.3459181210580677
2138,2138,165.3769,11.875482,4.4950285,0.0,0,4.9425607,0.0,0.35583708,98.42827029449997,5.4677253,352.00925,-9.2808924,98.42827029449997,,,,,0.3480199084395605,96.33508613478077,0.34801462618787254,0.34801462618787254
2139,2139,165.3771,11.915321,4.5196862,0.0,0,4.9219408,0.0,0.35848498,98.5021422036257,5.4449425,351.88898,-9.2812395,98.5021422036257,,,,,0.3501164139120879,96.34130033903625,0.35011113131966237,0.35011113131966237
2140,2140,165.3773,11.951224,4.5444174,0.0,0,4.9013209,0.0,0.36011955,98.54106326052734,5.4213018,351.76868,-9.2811842,98.54106326052734,,,,,0.3522129193846154,96.34747876707276,0.35220763645341385,0.35220763645341385
2141,2141,165.3775,11.967831,4.5660534,0.0,0,4.8807006,0.0,0.36238655,98.45205661906084,5.3984103,351.64841,-9.2810974,98.45205661906084,,,,,0.3543094248571429,96.35362183596564,0.3543041415891042,0.3543041415891042
2142,2142,165.3777,11.980403,4.5884948,0.0,0,4.8600807,0.0,0.36512721,98.3208726427868,5.3756256,351.52814,-9.2817392,98.3208726427868,,,,,0.3564059303296704,96.35972995554204,0.3564006467267109,0.3564006467267109
2143,2143,165.3779,11.993553,4.614707,0.0,0,4.8394608,0.0,0.36696246,98.15444693176435,5.3526592,351.40787,-9.281538,98.15444693176435,,,,,0.3585024358021978,96.36580352847433,0.3584971518662118,0.3584971518662118
2144,2144,165.3781,12.002568,4.6379089,0.0,0,4.818841,0.0,0.36919084,97.9851880930708,5.3314915,351.2876,-9.281539,97.9851880930708,,,,,0.3605989412747253,96.37184295047523,0.3605936570075853,0.3605936570075853
2145,2145,165.3783,12.020097,4.657464,0.0,0,4.7982206,0.0,0.37186962,97.92314124018772,5.3100905,351.1673,-9.2815113,97.92314124018772,,,,,0.3626954467472528,96.37784861044827,0.36269016215081,0.36269016215081
2146,2146,165.3785,12.045468,4.6832986,0.0,0,4.7776008,0.0,0.37371403,97.85821563662928,5.2872243,351.04703,-9.2808714,97.85821563662928,,,,,0.3647919522197802,96.38382089067429,0.364786667295865,0.364786667295865
2147,2147,165.3787,12.068984,4.7065139,0.0,0,4.7569809,0.0,0.37575921,97.80469334311871,5.2638683,350.92676,-9.2808437,97.80469334311871,,,,,0.3668884576923077,96.38976016693893,0.3668831724427297,0.3668831724427297
2148,2148,165.3789,12.103669,4.7228737,0.0,0,4.7363605,0.0,0.37823701,97.91292253794008,5.2428207,350.80649,-9.2810392,97.91292253794008,,,,,0.3689849631648352,96.39566680864682,0.36897967759138384,0.36897967759138384
2149,2149,165.3791,12.142935,4.7474113,0.0,0,4.7157407,0.0,0.38012615,97.97045564829448,5.2221699,350.68622,-9.2811241,97.97045564829448,,,,,0.3710814686373627,96.40154117902496,0.3710761827418075,0.3710761827418075
2150,2150,165.3793,12.174501,4.7700286,0.0,0,4.6951208,0.0,0.38193902,97.98474076678605,5.1976991,350.56595,-9.280961,97.98474076678605,,,,,0.3731779741098901,96.4073836352477,0.37317268789398095,0.37317268789398095
2151,2151,165.3795,12.196863,4.7855849,0.0,0,4.6745009,0.0,0.38427421,97.99906253235932,5.1723666,350.44565,-9.2808771,97.99906253235932,,,,,0.3752744795824176,96.41319452851941,0.3752691930478852,0.3752691930478852
2152,2152,165.3797,12.213825,4.8116989,0.0,0,4.6538811,0.0,0.38646331,97.85686367653382,5.1511207,350.32538,-9.2808704,97.85686367653382,,,,,0.3773709850549451,96.41897420428718,0.37736569820350113,0.37736569820350113
2153,2153,165.3799,12.236031,4.8377385,0.0,0,4.6332607,0.0,0.38841167,97.7565616515809,5.131196,350.20511,-9.2808571,97.7565616515809,,,,,0.3794674905274726,96.42472300226726,0.37946220336081016,0.37946220336081016
2154,2154,165.3801,12.251293,4.8528504,0.0,0,4.6126404,0.0,0.39076704,97.71682224174688,5.1080942,350.08484,-9.2809381,97.71682224174688,,,,,0.381563996,96.43044125669941,0.3815587085197939,0.3815587085197939
2155,2155,165.3803,12.253005,4.8785162,0.0,0,4.5920205,0.0,0.39310896,97.45584391404536,5.0864964,349.96457,-9.2809105,97.45584391404536,,,,,0.3836605014725275,96.4361292963274,0.3836552136804344,0.3836552136804344
2156,2156,165.3805,12.268497,4.9072948,0.0,0,4.5714006,0.0,0.39516154,97.27070773936042,5.0665421,349.84427,-9.2809067,97.27070773936042,,,,,0.385757006945055,96.4417874446246,0.3857517188427139,0.3857517188427139
2157,2157,165.3807,12.298221,4.9218159,0.0,0,4.5507808,0.0,0.3974241,97.35039896196584,5.0451064,349.724,-9.2810268,97.35039896196584,,,,,0.3878535124175824,96.44741601983806,0.38784822400661495,0.38784822400661495
2158,2158,165.3809,12.325236,4.9452405,0.0,0,4.5305729,0.0,0.39986271,97.31206829376166,5.0224442,349.60373,-9.2810869,97.31206829376166,,,,,0.3899500178901099,96.45301533517501,0.3899447291721204,0.3899447291721204
2159,2159,165.3811,12.359004,4.9737902,0.0,0,4.5108628,0.0,0.40182057,97.27046398832567,4.9991469,349.48346,-9.2810135,97.27046398832567,,,,,0.3920465233626374,96.45858569879861,0.3920412343392134,0.3920412343392134
2160,2160,165.3813,12.39559,4.9883819,0.0,0,4.4912429,0.0,0.40390018,97.40040724993544,4.9764814,349.36319,-9.2815027,97.40040724993544,,,,,0.3941430288351649,96.46412741405854,0.39413773950787717,0.39413773950787717
2161,2161,165.3815,12.421611,5.0105343,0.0,0,4.4716268,0.0,0.40650731,97.36448238206438,4.9569235,349.24292,-9.2819109,97.36448238206438,,,,,0.3962395343076923,96.46964077951307,0.3962342446780954,0.3962342446780954
2162,2162,165.3817,12.441247,5.0387354,0.0,0,4.4520106,0.0,0.40840435,97.2118629124907,4.9358106,349.12262,-9.2815933,97.2118629124907,,,,,0.3983360397802198,96.47512608902534,0.39833074984985206,0.39833074984985206
2163,2163,165.3819,12.452847,5.0513792,0.0,0,4.4323945,0.0,0.41013193,97.16493344474829,4.9122586,349.00235,-9.281908,97.16493344474829,,,,,0.4004325452527473,96.4805836319301,0.4004272550231312,0.4004272550231312
2164,2164,165.3821,12.461862,5.0719314,0.0,0,4.4127784,0.0,0.41276711,97.01148814456762,4.8906794,348.88208,-9.281723,97.01148814456762,,,,,0.4025290507252748,96.48601369304393,0.4025237601979172,0.4025237601979172
2165,2165,165.3823,12.477221,5.1019807,0.0,0,4.3931623,0.0,0.41480708,96.80342966310646,4.8710485,348.76181,-9.2810144,96.80342966310646,,,,,0.4046255561978022,96.49141655280906,0.4046202653741947,0.4046202653741947
2166,2166,165.3825,12.505978,5.1169972,0.0,0,4.3735466,0.0,0.4165622,96.86242783907628,4.848907,348.64154,-9.2809906,96.86242783907628,,,,,0.4067220616703297,96.49679248740058,0.4067167705519486,0.4067167705519486
2167,2167,165.3827,12.540967,5.1371818,0.0,0,4.353931,0.0,0.41936165,96.912208656523,4.8251343,348.52124,-9.2809591,96.912208656523,,,,,0.4088185671428572,96.50214176873165,0.40881327573116394,0.40881327573116394
2168,2168,165.3829,12.576447,5.1660771,0.0,0,4.3343148,0.0,0.42146003,96.86878107905548,4.803967,348.40097,-9.2807837,96.86878107905548,,,,,0.4109150726153846,96.50746466463711,0.410909780911826,0.410909780911826
2169,2169,165.3831,12.619857,5.1814842,0.0,0,4.3146987,0.0,0.42300981,97.03319874956908,4.7811604,348.2807,-9.2802191,97.03319874956908,,,,,0.4130115780879121,96.51276143887716,0.4130062860939204,0.4130062860939204
2170,2170,165.3833,12.659675,5.2015119,0.0,0,4.295083,0.0,0.42585137,97.11773892440202,4.7587252,348.16043,-9.2796736,97.11773892440202,,,,,0.4151080835604396,96.51803235127414,0.4151027912774329,0.4151027912774329
2171,2171,165.3835,12.677686,5.2317061,0.0,0,4.2754664,0.0,0.42832235,96.92129407661416,4.7388229,348.04016,-9.2794809,96.92129407661416,,,,,0.4172045890329671,96.52327765778246,0.4171992964623494,0.4171992964623494
2172,2172,165.3837,12.683419,5.2496114,0.0,0,4.2558503,0.0,0.42992023,96.766591528005,4.7173023,347.91989,-9.2798843,96.766591528005,,,,,0.4193010945054945,96.52849761051743,0.41929580164865604,0.41929580164865604
2173,2173,165.3839,12.688552,5.2687297,0.0,0,4.2362342,0.0,0.43264952,96.59367502959532,4.6957154,347.79959,-9.2809916,96.59367502959532,,,,,0.421397599978022,96.53369245788639,0.4213923068363393,0.4213923068363393
2174,2174,165.3841,12.706209,5.2973652,0.0,0,4.2166185,0.0,0.43514299,96.40997624618504,4.6744514,347.67932,-9.2819271,96.40997624618504,,,,,0.4234941054505495,96.53886244464832,0.42348881202538574,0.42348881202538574
2175,2175,165.3843,12.73823,5.3153195,0.0,0,4.1970024,0.0,0.43659711,96.45296692202128,4.652245,347.55905,-9.2823677,96.45296692202128,,,,,0.42559061092307693,96.54400781195537,0.4255853172157821,0.4255853172157821
2176,2176,165.3845,12.768609,5.3321252,0.0,0,4.1773863,0.0,0.43920434,96.49535898663372,4.6293383,347.43878,-9.2825079,96.49535898663372,,,,,0.4276871163956044,96.54912879747818,0.42768182240751534,0.42768182240751534
2177,2177,165.3847,12.798074,5.3573999,0.0,0,4.1577706,0.0,0.44169679,96.4351726319238,4.6086841,347.31851,-9.2827816,96.4351726319238,,,,,0.4297836218681319,96.55422563542274,0.42977832760057266,0.42977832760057266
2178,2178,165.3849,12.830825,5.3758993,0.0,0,4.1381545,0.0,0.44289756,96.47437790249784,4.5883832,347.19821,-9.2828236,96.47437790249784,,,,,0.4318801273406594,96.55929855661812,0.43187483279494143,0.43187483279494143
2179,2179,165.3851,12.865143,5.3921375,0.0,0,4.1185384,0.0,0.44525215,96.549711447741,4.5683231,347.07794,-9.2818165,96.549711447741,,,,,0.4339766328131868,96.56434778857603,0.43397133799060905,0.43397133799060905
2180,2180,165.3853,12.895928,5.4155326,0.0,0,4.0989227,0.0,0.44783261,96.5168734120662,4.5462322,346.95767,-9.2803078,96.5168734120662,,,,,0.4360731382857143,96.56937355556056,0.43606784318756336,0.43606784318756336
2181,2181,165.3855,12.919341,5.4362965,0.0,0,4.0793066,0.0,0.4492296,96.45746816662584,4.5231094,346.8374,-9.2794161,96.45746816662584,,,,,0.4381696437582418,96.57437607866318,0.43816434838579216,0.43816434838579216
2182,2182,165.3857,12.941602,5.4546642,0.0,0,4.0596905,0.0,0.45165762,96.41574463151224,4.5030866,346.71713,-9.2793055,96.41574463151224,,,,,0.4402661492307693,96.57935557582726,0.44026085358528355,0.44026085358528355
2183,2183,165.3859,12.960079,5.4780817,0.0,0,4.0404687,0.0,0.45444927,96.28791271794034,4.4826798,346.59686,-9.2796421,96.28791271794034,,,,,0.4423626547032967,96.58431226193166,0.44235735878602567,0.44235735878602567
2184,2184,165.3861,12.971951,5.5008316,0.0,0,4.0217228,0.0,0.45602828,96.11794490494349,4.4626918,346.47809,-9.2796907,96.11794490494349,,,,,0.4444591601758242,96.58924634885437,0.44445386398800696,0.44445386398800696
2185,2185,165.3863,12.994769,5.5197334,0.0,0,4.0030627,0.0,0.45832103,96.07212592265408,4.4444985,346.36084,-9.2796383,96.07212592265408,,,,,0.4465556656483517,96.59415804548883,0.446550369191216,0.446550369191216
2186,2186,165.3865,13.032932,5.5412979,0.0,0,3.9844062,0.0,0.46115875,96.10837069158735,4.4242988,346.24359,-9.2803593,96.10837069158735,,,,,0.44865217112087913,96.59904755786381,0.4486468743956413,0.4486468743956413
2187,2187,165.3867,13.066552,5.5664697,0.0,0,3.9657502,0.0,0.46298343,96.06849990651207,4.4016204,346.12634,-9.2809277,96.06849990651207,,,,,0.4507486765934066,96.60391508912222,0.45074337960127203,0.45074337960127203
2188,2188,165.3869,13.09472,5.5867453,0.0,0,3.9470942,0.0,0.46527967,96.04326803659632,4.3816214,346.00909,-9.2815638,96.04326803659632,,,,,0.4528451820659341,96.60876083966154,0.452839884808097,0.452839884808097
2189,2189,165.3871,13.128065,5.6037207,0.0,0,3.9284382,0.0,0.46795264,96.09281673465038,4.3612399,345.89185,-9.2823372,96.09281673465038,,,,,0.4549416875384616,96.61358500709368,0.4549363900161055,0.4549363900161055
2190,2190,165.3873,13.15993,5.6261926,0.0,0,3.9097824,0.0,0.46952981,96.06724922869788,4.3381901,345.77463,-9.2823162,96.06724922869788,,,,,0.457038193010989,96.61838778634471,0.45703289522528656,0.45703289522528656
2191,2191,165.3875,13.182925,5.6457582,0.0,0,3.8911264,0.0,0.47143954,96.00936815797152,4.3178253,345.65738,-9.2822628,96.00936815797152,,,,,0.4591346984835165,96.62316936971101,0.45912940043563,0.45912940043563
2192,2192,165.3877,13.201122,5.6612182,0.0,0,3.8724704,0.0,0.47404271,95.96326428411248,4.2982178,345.54013,-9.2823915,95.96326428411248,,,,,0.461231203956044,96.6279299468872,0.4612259056471252,0.4612259056471252
2193,2193,165.3879,13.224155,5.6855593,0.0,0,3.8538144,0.0,0.47596639,95.8489460264774,4.2770033,345.42288,-9.2815523,95.8489460264774,,,,,0.4633277094285715,96.63266970499446,0.46332241085976195,0.46332241085976195
2194,2194,165.3881,13.244125,5.7067513,0.0,0,3.8351583,0.0,0.47791436,95.74800063389422,4.2577443,345.30563,-9.2802925,95.74800063389422,,,,,0.4654242149010989,96.6373888286969,0.4654189160735301,0.4654189160735301
2195,2195,165.3883,13.267644,5.7202492,0.0,0,3.8165023,0.0,0.48042488,95.76125730877014,4.2393117,345.18839,-9.2803631,95.76125730877014,,,,,0.4675207203736264,96.6420875001413,0.4675154212884197,0.4675154212884197
2196,2196,165.3885,13.296914,5.744915,0.0,0,3.7978463,0.0,0.48245519,95.68538527077445,4.218914,345.07114,-9.2807646,95.68538527077445,,,,,0.4696172258461539,96.6467658991153,0.46961192650442096,0.46961192650442096
2197,2197,165.3887,13.331949,5.7685771,0.0,0,3.7791903,0.0,0.48431569,95.66130469030723,4.1988683,344.95389,-9.2799969,95.66130469030723,,,,,0.47171373131868133,96.65142420298108,0.47170843172152394,0.47170843172152394
2198,2198,165.3889,13.372079,5.782084,0.0,0,3.7605343,0.0,0.48685524,95.79110927960504,4.1784806,344.83664,-9.2800541,95.79110927960504,,,,,0.4738102367912088,96.65606258681491,0.47380493693971926,0.47380493693971926
2199,2199,165.3891,13.408574,5.8054466,0.0,0,3.7418783,0.0,0.48920298,95.77824533035869,4.1573253,344.71939,-9.2807121,95.77824533035869,,,,,0.4759067422637363,96.66068122335182,0.4759014421589974,0.4759014421589974
2200,2200,165.3893,13.444922,5.8293681,0.0,0,3.7232223,0.0,0.49096075,95.75624140297592,4.136775,344.60214,-9.2813196,95.75624140297592,,,,,0.4780032477362638,96.66528028312429,0.4779979473793489,0.4779979473793489
2201,2201,165.3895,13.469443,5.8416076,0.0,0,3.7045665,0.0,0.49323618,95.78651022086292,4.1173277,344.48489,-9.2815065,95.78651022086292,,,,,0.4800997532087912,96.66985993441642,0.4800944526007646,0.4800944526007646
2202,2202,165.3897,13.486806,5.8645625,0.0,0,3.6859105,0.0,0.49577522,95.6388545987265,4.097795,344.36768,-9.2814589,95.6388545987265,,,,,0.4821962586813187,96.67442034337016,0.48219095782323546,0.48219095782323546
2203,2203,165.3899,13.509499,5.8918896,0.0,0,3.6672544,0.0,0.49768794,95.4764367266048,4.0767117,344.25043,-9.2820473,95.4764367266048,,,,,0.4842927641538462,96.67896167396239,0.4842874630467524,0.4842874630467524
2204,2204,165.3901,13.537451,5.9037166,0.0,0,3.6485984,0.0,0.49984232,95.53374580113936,4.0569925,344.13318,-9.282342,95.53374580113936,,,,,0.4863892696263737,96.68348408808582,0.4863839682713066,0.4863839682713066
2205,2205,165.3903,13.568202,5.9241552,0.0,0,3.6299422,0.0,0.50250518,95.50784410384809,4.0378218,344.01593,-9.2819719,95.50784410384809,,,,,0.4884857750989011,96.68798774555907,0.4884804734968892,0.4884804734968892
2206,2206,165.3905,13.594055,5.9504642,0.0,0,3.6112862,0.0,0.50432903,95.376526992973,4.017859,343.89868,-9.2812119,95.376526992973,,,,,0.4905822805714286,96.69247280418642,0.49057697872349165,0.49057697872349165
2207,2207,165.3907,13.630341,5.9610763,0.0,0,3.5926304,0.0,0.50607061,95.5043933970402,3.9974844,343.78143,-9.2808151,95.5043933970402,,,,,0.4926787860439561,96.69693941977216,0.4926734839511054,0.4926734839511054
2208,2208,165.3909,13.67968,5.9803905,0.0,0,3.5743468,0.0,0.50870192,95.61862538004304,3.9781563,343.66418,-9.2800474,95.61862538004304,,,,,0.49477529151648353,96.7013877461342,0.4947699891797219,0.4947699891797219
2209,2209,165.3911,13.713892,6.0076642,0.0,0,3.5565138,0.0,0.51066113,95.53005465232832,3.956706,343.54694,-9.2794418,95.53005465232832,,,,,0.496871796989011,96.70581793520455,0.496866494409333,0.496866494409333
2210,2210,165.3913,13.737982,6.0196972,0.0,0,3.5387621,0.0,0.51240093,95.55301894113738,3.9366882,343.42969,-9.2799931,95.55301894113738,,,,,0.4989683024615385,96.71023013700376,0.49896299963993035,0.49896299963993035
2211,2211,165.3915,13.771208,6.0384936,0.0,0,3.521014,0.0,0.51522249,95.55730254207508,3.919477,343.31244,-9.2803144,95.55730254207508,,,,,0.5010648079340659,96.71462449965455,0.5010595048715057,0.5010595048715057
2212,2212,165.3917,13.800986,6.0671425,0.0,0,3.5032659,0.0,0.51746702,95.41745058504188,3.9003835,343.19519,-9.2804909,95.41745058504188,,,,,0.5031613134065934,96.7190011694975,0.5031560101040514,0.5031560101040514
2213,2213,165.3919,13.817279,6.0821557,0.0,0,3.4855177,0.0,0.51920617,95.34830151071066,3.8802567,343.07794,-9.2806587,95.34830151071066,,,,,0.5052578188791209,96.72336029102816,0.5052525153375593,0.5052525153375593
2214,2214,165.3921,13.828938,6.1018224,0.0,0,3.4677699,0.0,0.52228218,95.19039719047257,3.8620045,342.96069,-9.280838,95.19039719047257,,,,,0.5073543243516484,96.7277020069957,0.5073490205720215,0.5073490205720215
2215,2215,165.3923,13.854539,6.1304793,0.0,0,3.450022,0.0,0.52479488,95.0186310034807,3.8427422,342.84348,-9.2813797,95.0186310034807,,,,,0.5094508298241759,96.73202645840637,0.5094455258074304,0.5094455258074304
2216,2216,165.3925,13.894278,6.1449747,0.0,0,3.4322741,0.0,0.52627873,95.1146348182384,3.8225565,342.72623,-9.2812643,95.1146348182384,,,,,0.5115473352967034,96.73633378450893,0.5115420310437783,0.5115420310437783
2217,2217,165.3927,13.937986,6.1616321,0.0,0,3.414526,0.0,0.52907217,95.2103250760071,3.8020194,342.60898,-9.2809925,95.2103250760071,,,,,0.5136438407692309,96.74062412290886,0.5136385362810577,0.5136385362810577
2218,2218,165.3929,13.975206,6.1881833,0.0,0,3.3967779,0.0,0.53148544,95.13928889092698,3.7812099,342.49173,-9.2814884,95.13928889092698,,,,,0.5157403462417582,96.7448976095384,0.515735041519261,0.515735041519261
2219,2219,165.3931,14.008672,6.2026043,0.0,0,3.3790298,0.0,0.53267491,95.190006173482,3.7620645,342.37448,-9.2815113,95.190006173482,,,,,0.5178368517142857,96.74915437868049,0.5178315467583811,0.5178315467583811
2220,2220,165.3933,14.044254,6.2160888,0.0,0,3.3612819,0.0,0.53510493,95.26575240352471,3.7426453,342.25723,-9.2807894,95.26575240352471,,,,,0.5199333571868132,96.75339456303507,0.5199280519984104,0.5199280519984104
2221,2221,165.3935,14.074025,6.2387714,0.0,0,3.343534,0.0,0.53748018,95.18779541054144,3.7223489,342.13998,-9.2804718,95.18779541054144,,,,,0.5220298626593407,96.75761829368176,0.522024557239342,0.522024557239342
2222,2222,165.3937,14.091854,6.2545681,0.0,0,3.3257859,0.0,0.53861374,95.11319096465292,3.7037222,342.02274,-9.2803736,95.11319096465292,,,,,0.5241263681318682,96.76182570017245,0.5241210624811687,0.5241210624811687
2223,2223,165.3939,14.111042,6.2701592,0.0,0,3.308038,0.0,0.54111087,95.04978084752788,3.6865814,341.90549,-9.2808485,95.04978084752788,,,,,0.5262228736043957,96.76601691052889,0.5262175677238835,0.5262175677238835
2224,2224,165.3941,14.129383,6.2942486,0.0,0,3.2902899,0.0,0.54392242,94.87484167452448,3.667088,341.78824,-9.2811432,94.87484167452448,,,,,0.5283193790769232,96.77019205123923,0.5283140729674795,0.5283140729674795
2225,2225,165.3943,14.158672,6.3136349,0.0,0,3.2725418,0.0,0.54533523,94.83078757284544,3.6470506,341.67099,-9.2806902,94.83078757284544,,,,,0.5304158845494505,96.7743512473261,0.5304105782119495,0.5304105782119495
2226,2226,165.3945,14.20035,6.3295593,0.0,0,3.2547936,0.0,0.54782307,94.91160724739296,3.628072,341.55374,-9.2804785,94.91160724739296,,,,,0.532512390021978,96.77849462233134,0.5325070834572871,0.5325070834572871
2227,2227,165.3947,14.237537,6.3514094,0.0,0,3.2370458,0.0,0.55074567,94.8872986644988,3.6107852,341.43652,-9.2812738,94.8872986644988,,,,,0.5346088954945055,96.78262229839329,0.5346035887034857,0.5346035887034857
2228,2228,165.3949,14.278234,6.3725004,0.0,0,3.2192979,0.0,0.55224109,94.89437886172811,3.5931046,341.31927,-9.2815075,94.89437886172811,,,,,0.536705400967033,96.78673439619001,0.5367000939505383,0.5367000939505383
2229,2229,165.3951,14.320806,6.3893638,0.0,0,3.2015498,0.0,0.55460596,94.96547264785616,3.5751083,341.20203,-9.2809067,94.96547264785616,,,,,0.5388019064395605,96.79083103505485,0.5387965991984387,0.5387965991984387
2230,2230,165.3953,14.359899,6.4086022,0.0,0,3.1838019,0.0,0.55746686,94.98235740209972,3.5564468,341.08478,-9.2811842,94.98235740209972,,,,,0.540898411912088,96.79491233288798,0.5408931044471802,0.5408931044471802
2231,2231,165.3955,14.391144,6.4302416,0.0,0,3.1660538,0.0,0.55895025,94.915815538074,3.5359251,340.96753,-9.2811956,94.915815538074,,,,,0.5429949173846155,96.79897840626445,0.5429896096967565,0.5429896096967565
2232,2232,165.3957,14.411586,6.446928,0.0,0,3.1483059,0.0,0.56115997,94.8396523934944,3.5168419,340.85028,-9.2801847,94.8396523934944,,,,,0.5450914228571428,96.80302937045815,0.5450861149471611,0.5450861149471611
2233,2233,165.3959,14.429112,6.463326,0.0,0,3.1309123,0.0,0.56397551,94.74738400246213,3.4976296,340.73303,-9.2797384,94.74738400246213,,,,,0.5471879283296703,96.80706533938881,0.547182620198388,0.547182620198388
2234,2234,165.3961,14.454937,6.4853783,0.0,0,3.1139472,0.0,0.56555474,94.63725631840634,3.4791944,340.6239,-9.280241,94.63725631840634,,,,,0.5492844338021978,96.81108642568098,0.5492791254504311,0.5492791254504311
2235,2235,165.3963,14.486626,6.5028362,0.0,0,3.0970597,0.0,0.56751704,94.62279560474174,3.460911,340.52289,-9.2806654,94.62279560474174,,,,,0.5513809392747253,96.81509274074891,0.5513756307032841,0.5513756307032841
2236,2236,165.3965,14.519673,6.5158715,0.0,0,3.0801756,0.0,0.57016802,94.6725549739653,3.4422085,340.42188,-9.2808857,94.6725549739653,,,,,0.5534774447472528,96.8190843946665,0.5534721359569409,0.5534721359569409
2237,2237,165.3967,14.558699,6.5375762,0.0,0,3.0632915,0.0,0.57188916,94.64969768438591,3.4247344,340.32086,-9.2809639,94.64969768438591,,,,,0.5555739502197803,96.82306149634087,0.5555686412113957,0.5555686412113957
2238,2238,165.3969,14.609849,6.556736,0.0,0,3.0464077,0.0,0.57375509,94.7365580234668,3.4064612,340.21985,-9.2804279,94.7365580234668,,,,,0.5576704556923078,96.82702415344248,0.5576651464666426,0.5576651464666426
2239,2239,165.3971,14.660052,6.5686188,0.0,0,3.0295236,0.0,0.57637274,94.90919642442972,3.388145,340.1188,-9.2802353,94.90919642442972,,,,,0.5597669611648352,96.8309724724257,0.5597616517226754,0.5597616517226754
2240,2240,165.3973,14.690093,6.591783,0.0,0,3.0126395,0.0,0.57837778,94.80499391590249,3.3696764,340.01779,-9.2801561,94.80499391590249,,,,,0.5618634666373626,96.83490655859428,0.5618581569794888,0.5618581569794888
2241,2241,165.3975,14.70645,6.6134534,0.0,0,2.9957557,0.0,0.58024263,94.63079915654362,3.3505042,339.91678,-9.2796278,94.63079915654362,,,,,0.5639599721098901,96.83882651607577,0.563954662237077,0.563954662237077
2242,2242,165.3977,14.720103,6.6250072,0.0,0,2.9788716,0.0,0.58287632,94.5693494313308,3.3318977,339.81577,-9.2794456,94.5693494313308,,,,,0.5660564775824176,96.84273244783347,0.5660511674954342,0.5660511674954342
2243,2243,165.3979,14.738477,6.6479135,0.0,0,2.9619877,0.0,0.58524829,94.3910048956416,3.3127608,339.71475,-9.2794151,94.3910048956416,,,,,0.5681529830549451,96.84662445574735,0.5681476727545548,0.5681476727545548
2244,2244,165.3981,14.773238,6.6709623,0.0,0,2.9451036,0.0,0.58710933,94.31467056345132,3.2947209,339.61374,-9.2794333,94.31467056345132,,,,,0.5702494885274726,96.85050264055349,0.5702441780144334,0.5702441780144334
2245,2245,165.3983,14.809275,6.680429,0.0,0,2.9282196,0.0,0.58936524,94.42164146578956,3.2770851,339.51273,-9.2799559,94.42164146578956,,,,,0.5723459940000001,96.85436710188675,0.5723406832750645,0.5723406832750645
2246,2246,165.3985,14.845007,6.7001452,0.0,0,2.9113355,0.0,0.59169704,94.392464001283,3.2591476,339.41171,-9.2806911,94.392464001283,,,,,0.5744424994725276,96.85821793832157,0.5744371885364427,0.5744371885364427
2247,2247,165.3987,14.895596,6.7244253,0.0,0,2.8944514,0.0,0.59352279,94.39654574687948,3.2423465,339.3107,-9.2809057,94.39654574687948,,,,,0.576539004945055,96.86205524737194,0.5765336937985625,0.5765336937985625
2248,2248,165.3989,14.949669,6.7338729,0.0,0,2.8775675,0.0,0.59559554,94.6151854344546,3.2259247,339.20966,-9.2808561,94.6151854344546,,,,,0.5786355104175824,96.86587912545663,0.5786301990614189,0.5786301990614189
2249,2249,165.3991,14.996647,6.752418,0.0,0,2.8606834,0.0,0.59815502,94.66826075544026,3.2083309,339.10864,-9.2802668,94.66826075544026,,,,,0.5807320158901099,96.86968966801385,0.5807267043250064,0.5807267043250064
2250,2250,165.3993,15.025197,6.7771578,0.0,0,2.8437996,0.0,0.60000217,94.52201293318636,3.1900043,339.00763,-9.2807722,94.52201293318636,,,,,0.5828285213626374,96.87348696943599,0.58282320958932,0.58282320958932
2251,2251,165.3995,15.041344,6.7860651,0.0,0,2.8269155,0.0,0.60176128,94.5059162095783,3.1719871,338.90662,-9.2810764,94.5059162095783,,,,,0.5849250268351649,96.87727112313667,0.5849197148543546,0.5849197148543546
2252,2252,165.3997,15.060502,6.8039923,0.0,0,2.8100314,0.0,0.60446692,94.38913620038474,3.1527247,338.8056,-9.2800493,94.38913620038474,,,,,0.5870215323076924,96.8810422214963,0.5870162201201049,0.5870162201201049
2253,2253,165.3999,15.085275,6.8296175,0.0,0,2.7931476,0.0,0.60643691,94.20483079934144,3.134624,338.70459,-9.2801313,94.20483079934144,,,,,0.5891180377802199,96.88480035594729,0.5891127253865661,0.5891127253865661
2254,2254,165.4001,15.116457,6.8386068,0.0,0,2.7762637,0.0,0.6080538,94.28018447044808,3.1199746,338.60358,-9.2800016,94.28018447044808,,,,,0.5912145432527472,96.88854561696539,0.5912092306537331,0.5912092306537331
2255,2255,165.4003,15.149502,6.8545513,0.0,0,2.7593796,0.0,0.61083555,94.2740792329542,3.1052902,338.50256,-9.2796021,94.2740792329542,,,,,0.5933110487252747,96.89227809406472,0.5933057359216012,0.5933057359216012
2256,2256,165.4005,15.199747,6.8808932,0.0,0,2.7424955,0.0,0.61283457,94.2349803482986,3.0877483,338.40152,-9.2790174,94.2349803482986,,,,,0.5954075541978022,96.89599787580018,0.5954022411901654,0.5954022411901654
2257,2257,165.4007,15.250888,6.8914566,0.0,0,2.7256117,0.0,0.61436319,94.41049647482568,3.0687966,338.30051,-9.2785578,94.41049647482568,,,,,0.5975040596703297,96.89970504984929,0.5974987464594208,0.5974987464594208
2258,2258,165.4009,15.289216,6.9069982,0.0,0,2.7090657,0.0,0.61729127,94.43898065182604,3.0512562,338.19949,-9.2786856,94.43898065182604,,,,,0.5996005651428572,96.90339970295256,0.5995952517293629,0.5995952517293629
2259,2259,165.4011,15.326326,6.9337163,0.0,0,2.6929286,0.0,0.61953574,94.30837799665676,3.0361116,338.09848,-9.2789297,94.30837799665676,,,,,0.6016970706153847,96.90708192096704,0.6016917569999868,0.6016917569999868
2260,2260,165.4013,15.35642,6.9463186,0.0,0,2.6768651,0.0,0.620951,94.32349217176773,3.0177326,337.99747,-9.2795944,94.32349217176773,,,,,0.6037935760879122,96.91075178883327,0.6037882622712878,0.6037882622712878
2261,2261,165.4015,15.374781,6.9603958,0.0,0,2.660805,0.0,0.6237784,94.24606695848304,2.9998653,337.89645,-9.2803822,94.24606695848304,,,,,0.6058900815604396,96.91440939067213,0.6058847675432613,0.6058847675432613
2262,2262,165.4017,15.404053,6.9840064,0.0,0,2.6447449,0.0,0.62612629,94.10586112238724,2.9849229,337.79544,-9.2807827,94.10586112238724,,,,,0.607986587032967,96.91805480967102,0.607981272815903,0.607981272815903
2263,2263,165.4019,15.44177,6.9966202,0.0,0,2.6286848,0.0,0.62727982,94.16508652421248,2.9689016,337.69443,-9.2808285,94.16508652421248,,,,,0.6100830925054945,96.92168812826229,0.610077778089208,0.610077778089208
2264,2264,165.4021,15.475149,7.0094833,0.0,0,2.6126249,0.0,0.62996513,94.19367232111745,2.9497838,337.59341,-9.2809439,94.19367232111745,,,,,0.612179597978022,96.92530942793971,0.6121742833631723,0.6121742833631723
2265,2265,165.4023,15.516118,7.0321164,0.0,0,2.5965648,0.0,0.63240862,94.13435671653892,2.9335093,337.49237,-9.2809525,94.13435671653892,,,,,0.6142761034505495,96.92891878945568,0.6142707886377909,0.6142707886377909
2266,2266,165.4025,15.567039,7.0465245,0.0,0,2.5805047,0.0,0.63339782,94.2461247223214,2.9156861,337.39136,-9.2807512,94.2461247223214,,,,,0.616372608923077,96.93251629266821,0.6163672939130599,0.6163672939130599
2267,2267,165.4027,15.616876,7.0591631,0.0,0,2.5644448,0.0,0.63595587,94.37433800950784,2.8972108,337.29034,-9.2799978,94.37433800950784,,,,,0.6184691143956045,96.93610201671274,0.6184637991889748,0.6184637991889748
2268,2268,165.4029,15.662562,7.0809121,0.0,0,2.5483847,0.0,0.63864547,94.35094956900308,2.8824201,337.18933,-9.2798996,94.35094956900308,,,,,0.620565619868132,96.93967603987444,0.6205603044655312,0.6205603044655312
2269,2269,165.4031,15.697529,7.0978117,0.0,0,2.5323246,0.0,0.6398415,94.32835655350488,2.8650804,337.08832,-9.27985,94.32835655350488,,,,,0.6226621253406593,96.94323843968026,0.6226568097427249,0.6226568097427249
2270,2270,165.4033,15.726118,7.1113701,0.0,0,2.5162647,0.0,0.64239758,94.31268019403176,2.8484223,336.9873,-9.2793655,94.31268019403176,,,,,0.6247586308131868,96.9467892928606,0.6247533150205516,0.6247533150205516
2271,2271,165.4035,15.757049,7.1317024,0.0,0,2.5002048,0.0,0.64528161,94.21647793008236,2.8317416,336.88629,-9.2793875,94.21647793008236,,,,,0.6268551362857143,96.95032867542488,0.6268498202990075,0.6268498202990075
2272,2272,165.4037,15.784067,7.1494503,0.0,0,2.4841447,0.0,0.64652103,94.13169549836454,2.8149145,336.78528,-9.2795868,94.13169549836454,,,,,0.6289516417582418,96.95385666258433,0.6289463255780882,0.6289463255780882
2273,2273,165.4039,15.824056,7.1634293,0.0,0,2.4680848,0.0,0.64887589,94.17565573492676,2.796145,336.68423,-9.2798672,94.17565573492676,,,,,0.6310481472307693,96.9573733288403,0.6310428308577896,0.6310428308577896
2274,2274,165.4041,15.866069,7.1816831,0.0,0,2.4520247,0.0,0.65184474,94.17099714846766,2.7776527,336.58322,-9.2797279,94.17099714846766,,,,,0.6331446527032968,96.96087874795302,0.6331393361381077,0.6331393361381077
2275,2275,165.4043,15.905479,7.2011199,0.0,0,2.4359648,0.0,0.65320539,94.1330178789752,2.7633972,336.48221,-9.279664,94.1330178789752,,,,,0.6352411581758243,96.96437299295404,0.6352358414190385,0.6352358414190385
2276,2276,165.4045,15.96032,7.2155991,0.0,0,2.4199049,0.0,0.65529025,94.25432998175414,2.7485073,336.3812,-9.2803183,94.25432998175414,,,,,0.6373376636483516,96.96785613616353,0.637332346700578,0.637332346700578
2277,2277,165.4047,16.014923,7.2301631,0.0,0,2.4038448,0.0,0.6580857,94.37163882473078,2.7321036,336.28018,-9.2802706,94.37163882473078,,,,,0.6394341691208791,96.97132824920297,0.6394288519827224,0.6394288519827224
2278,2278,165.4049,16.06078,7.250412,0.0,0,2.3877847,0.0,0.65949583,94.3557990742666,2.7136946,336.17917,-9.2802782,94.3557990742666,,,,,0.6415306745934066,96.97478940298646,0.6415253572654677,0.6415253572654677
2279,2279,165.4051,16.103096,7.2659945,0.0,0,2.3717248,0.0,0.66154045,94.38367054219512,2.6954021,336.07816,-9.2807646,94.38367054219512,,,,,0.6436271800659341,96.97823966776187,0.6436218625488099,0.6436218625488099
2280,2280,165.4053,16.140276,7.2785392,0.0,0,2.3556647,0.0,0.6645112,94.42347200306618,2.6805918,335.97714,-9.2807951,94.42347200306618,,,,,0.6457236855384616,96.98167911310126,0.6457183678327456,0.6457183678327456
2281,2281,165.4055,16.164913,7.2998538,0.0,0,2.3396046,0.0,0.66626531,94.26448486304416,2.6660955,335.8761,-9.2807369,94.26448486304416,,,,,0.6478201910109891,96.98510780786265,0.6478148731172707,0.6478148731172707
2282,2282,165.4057,16.187246,7.3171229,0.0,0,2.3235447,0.0,0.66812104,94.14877732478678,2.6491666,335.77509,-9.280694,94.14877732478678,,,,,0.6499166964835166,96.98852582029895,0.6499113784023814,0.6499113784023814
2283,2283,165.4059,16.226385,7.3274379,0.0,0,2.3078065,0.0,0.67080039,94.22915436312394,2.6341929,335.67407,-9.280714,94.22915436312394,,,,,0.652013201956044,96.99193321800098,0.6520078836880742,0.6520078836880742
2284,2284,165.4061,16.275148,7.3479977,0.0,0,2.2924569,0.0,0.67267919,94.21790543998448,2.6169672,335.51941,-9.28057,94.21790543998448,,,,,0.6541097074285714,96.99533006788468,0.6541043889743454,0.6541043889743454
2285,2285,165.4063,16.32062,7.3665266,0.0,0,2.2771778,0.0,0.67441177,94.2150478208774,2.5976036,335.3111,-9.2801256,94.2150478208774,,,,,0.6562062129010989,96.9987164362531,0.6562008942611913,0.6562008942611913
2286,2286,165.4065,16.36824,7.3762765,0.0,0,2.2619016,0.0,0.67698896,94.34951117785089,2.5829976,335.10281,-9.2803192,94.34951117785089,,,,,0.6583027183736264,97.00209238879246,0.6582973995486083,0.6582973995486083
2287,2287,165.4067,16.420031,7.3974972,0.0,0,2.2466257,0.0,0.67924905,94.34140309134314,2.5692239,334.8945,-9.2800789,94.34140309134314,,,,,0.6603992238461539,97.00545799056076,0.6603939048365929,0.6603939048365929
2288,2288,165.4069,16.470812,7.4182968,0.0,0,2.2313497,0.0,0.6810233,94.33166015135755,2.5506685,334.68622,-9.2793226,94.33166015135755,,,,,0.6624957293186814,97.00881330599049,0.6624904101251415,0.6624904101251415
2289,2289,165.4071,16.513077,7.4271364,0.0,0,2.216074,0.0,0.68346924,94.44524895985558,2.5315576,334.47794,-9.2791929,94.44524895985558,,,,,0.6645922347912089,97.01215839893034,0.6645869154142506,0.6645869154142506
2290,2290,165.4073,16.545916,7.4468036,0.0,0,2.2007978,0.0,0.68591589,94.34665210545847,2.5162528,334.26962,-9.2791271,94.34665210545847,,,,,0.6666887402637364,97.01549333262643,0.6666834207039168,0.6666834207039168
2291,2291,165.4075,16.574341,7.4685946,0.0,0,2.1855218,0.0,0.68765306,94.1908223380794,2.5004196,334.06134,-9.2793179,94.1908223380794,,,,,0.6687852457362637,97.01881816973852,0.6687799259941366,0.6687799259941366
2292,2292,165.4077,16.609678,7.475955,0.0,0,2.1702456,0.0,0.68981194,94.28402411939942,2.483248,333.85303,-9.2791996,94.28402411939942,,,,,0.6708817512087912,97.02213297233487,0.6708764312849066,0.6708764312849066
2293,2293,165.4079,16.657707,7.4933105,0.0,0,2.1549697,0.0,0.69236171,94.3021610667076,2.467665,333.64474,-9.2789297,94.3021610667076,,,,,0.6729782566813187,97.02543780192205,0.6729729365762235,0.6729729365762235
2294,2294,165.4081,16.702509,7.5166459,0.0,0,2.1396937,0.0,0.69407839,94.21266528087892,2.4530053,333.43646,-9.2791014,94.21266528087892,,,,,0.6750747621538462,97.02873271943295,0.6750694418680838,0.6750694418680838
2295,2295,165.4083,16.743849,7.5237803,0.0,0,2.1244178,0.0,0.69594729,94.34067878234087,2.43786,333.22815,-9.2793312,94.34067878234087,,,,,0.6771712676263737,97.03201778523972,0.6771659471604844,0.6771659471604844
2296,2296,165.4085,16.791569,7.5396347,0.0,0,2.1091418,0.0,0.69869411,94.37516131241529,2.4206202,333.01987,-9.2799234,94.37516131241529,,,,,0.6792677730989012,97.03529305914672,0.6792624524534218,0.6792624524534218
2297,2297,165.4087,16.852472,7.5641279,0.0,0,2.0938659,0.0,0.70045942,94.35402046789514,2.4032173,332.81155,-9.279995,94.35402046789514,,,,,0.6813642785714287,97.03855860045378,0.6813589577468929,0.6813589577468929
2298,2298,165.4089,16.911333,7.5715284,0.0,0,2.0785899,0.0,0.70211726,94.57337233177576,2.3880038,332.60327,-9.2794228,94.57337233177576,,,,,0.683460784043956,97.04181446790736,0.6834554630408943,0.6834554630408943
2299,2299,165.4091,16.951727,7.586782,0.0,0,2.063314,0.0,0.70511091,94.57157671626524,2.3699071,332.39499,-9.2793961,94.57157671626524,,,,,0.6855572895164835,97.04506071966092,0.6855519683354232,0.6855519683354232
2300,2300,165.4093,16.984333,7.6124797,0.0,0,2.048038,0.0,0.70718127,94.36912816081274,2.3527038,332.18668,-9.2791243,94.36912816081274,,,,,0.687653794989011,97.04829741342948,0.687648473630476,0.687648473630476
2301,2301,165.4095,17.024607,7.6221828,0.0,0,2.0327621,0.0,0.7087242,94.4474216433585,2.3371825,331.97839,-9.2784214,94.4474216433585,,,,,0.6897503004615385,97.05152460634343,0.6897449789260499,0.6897449789260499
2302,2302,165.4097,17.064978,7.636869,0.0,0,2.0174859,0.0,0.71183449,94.4506668448426,2.3203888,331.77008,-9.2786207,94.4506668448426,,,,,0.691846805934066,97.0547423550591,0.6918414842221415,0.6918414842221415
2303,2303,165.4099,17.106119,7.6621599,0.0,0,2.0022097,0.0,0.71406955,94.29733198799936,2.3026466,331.5618,-9.2791748,94.29733198799936,,,,,0.6939433114065935,97.05795071570182,0.693937989518748,0.693937989518748
2304,2304,165.4101,17.154661,7.6724119,0.0,0,1.9869336,0.0,0.71538788,94.41001259881484,2.2884614,331.35352,-9.2791939,94.41001259881484,,,,,0.696039816879121,97.06114974390321,0.6960344948158662,0.6960344948158662
2305,2305,165.4103,17.212284,7.6857643,0.0,0,1.9716576,0.0,0.71849382,94.5246999444756,2.2731287,331.1452,-9.2794151,94.5246999444756,,,,,0.6981363223516484,97.06433949478429,0.6981310001134929,0.6981310001134929
2306,2306,165.4105,17.275444,7.7099977,0.0,0,1.9563816,0.0,0.72086841,94.50277826343876,2.2561915,330.93692,-9.2794619,94.50277826343876,,,,,0.7002328278241758,97.06752002300315,0.7002275054116255,0.7002275054116255
2307,2307,165.4107,17.32873,7.7206078,0.0,0,1.9411056,0.0,0.72195756,94.632303054527,2.2403338,330.72861,-9.2788095,94.632303054527,,,,,0.7023293332967033,97.07069138272506,0.7023240107102607,0.7023240107102607
2308,2308,165.4109,17.375885,7.7318563,0.0,0,1.9261349,0.0,0.72480589,94.71762979039995,2.2243168,330.52032,-9.2782001,94.71762979039995,,,,,0.7044258387692308,97.0738536275961,0.7044205160093958,0.7044205160093958
2309,2309,165.4111,17.420479,7.7541289,0.0,0,1.9115331,0.0,0.72728771,94.6188843330659,2.2072132,330.31204,-9.2785997,94.6188843330659,,,,,0.7065223442417583,97.07700681087778,0.7065170213090278,0.7065170213090278
2310,2310,165.4113,17.460325,7.7660575,0.0,0,1.896998,0.0,0.72819567,94.65180269702697,2.1920414,330.10373,-9.2786655,94.65180269702697,,,,,0.7086188497142858,97.08015098527402,0.7086135266091537,0.7086135266091537
2311,2311,165.4115,17.506002,7.7770176,0.0,0,1.8824661,0.0,0.73085999,94.73036388019068,2.1781676,329.89545,-9.2788534,94.73036388019068,,,,,0.7107153551868133,97.08328620305659,0.7107100319097707,0.7107100319097707
2312,2312,165.4117,17.547049,7.7989192,0.0,0,1.867934,0.0,0.73366916,94.61385515963744,2.1619256,329.68713,-9.2791319,94.61385515963744,,,,,0.7128118606593408,97.08641251607237,0.7128065372108761,0.7128065372108761
2313,2313,165.4119,17.581745,7.814229,0.0,0,1.8534019,0.0,0.73472369,94.56374575713583,2.1465003,329.47885,-9.2786217,94.56374575713583,,,,,0.7149083661318681,97.08952997568325,0.7149030425124666,0.7149030425124666
2314,2314,165.4121,17.625904,7.8262897,0.0,0,1.83887,0.0,0.7373808,94.61392550451224,2.1294873,329.27057,-9.2788429,94.61392550451224,,,,,0.7170048716043956,97.0926386328231,0.71699954781454,0.71699954781454
2315,2315,165.4123,17.685766,7.8459525,0.0,0,1.824338,0.0,0.74035794,94.62879788431904,2.1128349,329.06226,-9.279295,94.62879788431904,,,,,0.7191013770769231,97.09573853796519,0.7190960531170933,0.7190960531170933
2316,2316,165.4125,17.744289,7.8624372,0.0,0,1.809806,0.0,0.74150944,94.68413745749774,2.0975449,328.85397,-9.2785339,94.68413745749774,,,,,0.7211978825494506,97.09882974113692,0.7211925584201238,0.7211925584201238
2317,2317,165.4127,17.801065,7.8749523,0.0,0,1.795274,0.0,0.7441051,94.79074740341822,2.0830646,328.64566,-9.2785463,94.79074740341822,,,,,0.7232943880219781,97.10191229201253,0.7232890637236287,0.7232890637236287
2318,2318,165.4129,17.857702,7.8933187,0.0,0,1.7807419,0.0,0.74725044,94.80325992871497,2.0686724,328.43738,-9.2792521,94.80325992871497,,,,,0.7253908934945056,97.10498623972748,0.7253855690276052,0.7253855690276052
2319,2319,165.4131,17.90568,7.9121847,0.0,0,1.76621,0.0,0.74856055,94.76020861006825,2.0522134,328.2291,-9.2785397,94.76020861006825,,,,,0.7274873989670331,97.10805163308368,0.7274820743320508,0.7274820743320508
2320,2320,165.4133,17.951406,7.9253654,0.0,0,1.751678,0.0,0.75092953,94.79362995773764,2.0362165,328.02078,-9.2779188,94.79362995773764,,,,,0.7295839044395604,97.11110852044547,0.7295785796369628,0.7295785796369628
2321,2321,165.4135,17.986301,7.9404287,0.0,0,1.737146,0.0,0.7539863,94.73906282989692,2.0202415,327.8125,-9.2784405,94.73906282989692,,,,,0.7316804099120879,97.11415694972541,0.7316750849423386,0.7316750849423386
2322,2322,165.4137,18.018539,7.9588418,0.0,0,1.722614,0.0,0.75530845,94.6163873376093,2.0064957,327.60419,-9.2791548,94.6163873376093,,,,,0.7337769153846154,97.11719696849302,0.7337715902481756,0.7337715902481756
2323,2323,165.4139,18.064835,7.9712753,0.0,0,1.708082,0.0,0.75728047,94.66147418918412,1.9927608,327.3959,-9.2796488,94.66147418918412,,,,,0.7358734208571429,97.12022862384032,0.7358680955544712,0.7358680955544712
2324,2324,165.4141,18.113796,7.9832983,0.0,0,1.69355,0.0,0.76020855,94.72603013776651,1.9760492,327.18762,-9.2795916,94.72603013776651,,,,,0.7379699263296704,97.1232519625556,0.7379646008612227,0.7379646008612227
2325,2325,165.4143,18.168856,8.0032663,0.0,0,1.679018,0.0,0.76182485,94.69409765764097,1.9618183,326.97931,-9.2797127,94.69409765764097,,,,,0.7400664318021979,97.1262670309573,0.7400611061684278,0.7400611061684278
2326,2326,165.4145,18.239067,8.0181532,0.0,0,1.6644859,0.0,0.76373029,94.82062179298087,1.945863,326.77103,-9.2797785,94.82062179298087,,,,,0.7421629372747254,97.12927387500555,0.7421576114760838,0.7421576114760838
2327,2327,165.4147,18.309145,8.0279675,0.0,0,1.649954,0.0,0.7665807,95.02649720461582,1.9299474,326.56271,-9.2787209,95.02649720461582,,,,,0.7442594427472528,97.13227254027753,0.7442541167841882,0.7442541167841882
2328,2328,165.4149,18.371584,8.0489359,0.0,0,1.635422,0.0,0.76848948,95.01087561312382,1.9168034,326.35443,-9.2785006,95.01087561312382,,,,,0.7463559482197802,97.13526307195386,0.7463506220927386,0.7463506220927386
2329,2329,165.4151,18.417957,8.0665531,0.0,0,1.6208899,0.0,0.77041227,94.96456505391644,1.9020253,326.14615,-9.278266,94.96456505391644,,,,,0.7484524536923077,97.13824551486442,0.7484471274017326,0.7484471274017326
2330,2330,165.4153,18.455282,8.0749779,0.0,0,1.6063581,0.0,0.77329701,95.01989997764642,1.8862258,325.93784,-9.2777433,95.01989997764642,,,,,0.7505489591648352,97.14121991344257,0.7505436327111676,0.7505436327111676
2331,2331,165.4155,18.496962,8.0955858,0.0,0,1.591826,0.0,0.77557796,94.89832504437882,1.8705127,325.72955,-9.2784576,94.89832504437882,,,,,0.7526454646373627,97.14418631176333,0.7526401380210415,0.7526401380210415
2332,2332,165.4157,18.540852,8.1150618,0.0,0,1.577294,0.0,0.77739024,94.80502309844552,1.8541812,325.52124,-9.2791929,94.80502309844552,,,,,0.7547419701098902,97.14714475355197,0.7547366433313515,0.7547366433313515
2333,2333,165.4159,18.586815,8.1226339,0.0,0,1.5630525,0.0,0.7800228,94.9159123546119,1.8387544,325.31296,-9.2794657,94.9159123546119,,,,,0.7568384755824177,97.15009528216095,0.7568331486420954,0.7568331486420954
2334,2334,165.4161,18.645041,8.1420145,0.0,0,1.5491621,0.0,0.7824561,94.89452646315132,1.8244863,325.02896,-9.2794828,94.89452646315132,,,,,0.7589349810549452,97.15303794057937,0.7589296539532708,0.7589296539532708
2335,2335,165.4163,18.714836,8.1618052,0.0,0,1.5353351,0.0,0.78403592,94.92304518123562,1.8084644,324.66934,-9.2790556,94.92304518123562,,,,,0.7610314865274725,97.15597277144647,0.7610261592648754,0.7610261592648754
2336,2336,165.4165,18.790535,8.1669102,0.0,0,1.521511,0.0,0.7862972,95.22237889402896,1.7922995,324.30969,-9.2783012,95.22237889402896,,,,,0.763127992,97.15889981709013,0.7631226645769069,0.7631226645769069
2337,2337,165.4167,18.864477,8.1837893,0.0,0,1.507687,0.0,0.78887904,95.31619828059064,1.7754542,323.95007,-9.2778664,95.31619828059064,,,,,0.7652244974725275,97.1618191194585,0.765219169889363,0.765219169889363
2338,2338,165.4169,18.92234,8.2057695,0.0,0,1.493863,0.0,0.79043609,95.2416446935595,1.7584344,323.59045,-9.2778301,95.2416446935595,,,,,0.767321002945055,97.16473072015002,0.7673156752022414,0.7673156752022414
2339,2339,165.4171,18.9681,8.2123861,0.0,0,1.480039,0.0,0.79251176,95.3612452287388,1.7442549,323.23083,-9.2778215,95.3612452287388,,,,,0.7694175084175825,97.16763466044227,0.7694121805155398,0.7694121805155398
2340,2340,165.4173,19.01157,8.2288799,0.0,0,1.466215,0.0,0.79560196,95.30313826833952,1.7306777,322.87122,-9.2775478,95.30313826833952,,,,,0.77151401389011,97.17053098129877,0.7715086858292561,0.7715086858292561
2341,2341,165.4175,19.05328,8.2527237,0.0,0,1.452391,0.0,0.79758084,95.11139475653002,1.7164825,322.5116,-9.2775545,95.11139475653002,,,,,0.7736105193626375,97.17341972331539,0.7736051911433879,0.7736051911433879
2342,2342,165.4177,19.103497,8.2601957,0.0,0,1.438567,0.0,0.79941744,95.23612497099846,1.7004297,322.15195,-9.278573,95.23612497099846,,,,,0.7757070248351648,97.17630092680886,0.775701696457933,0.775701696457933
2343,2343,165.4179,19.164032,8.2752476,0.0,0,1.4247431,0.0,0.80255044,95.2833853518489,1.6829711,321.79233,-9.2793455,95.2833853518489,,,,,0.7778035303076923,97.17917463172573,0.7777982017728893,0.7777982017728893
2344,2344,165.4181,19.222555,8.2993612,0.0,0,1.4109191,0.0,0.80462515,95.1653405085299,1.6673073,321.43271,-9.2791996,95.1653405085299,,,,,0.7799000357802198,97.18204087771201,0.7798947070882546,0.7798947070882546
2345,2345,165.4183,19.2899,8.3071117,0.0,0,1.3970951,0.0,0.80614835,95.36681412522718,1.6555637,321.07309,-9.2785378,95.36681412522718,,,,,0.7819965412527473,97.18489970412186,0.7819912124040267,0.7819912124040267
2346,2346,165.4185,19.369392,8.3204908,0.0,0,1.3832711,0.0,0.80929607,95.53112306573384,1.6418191,320.71344,-9.2782164,95.53112306573384,,,,,0.7840930467252748,97.1877511499563,0.7840877177202035,0.7840877177202035
2347,2347,165.4187,19.440342,8.3447733,0.0,0,1.3694471,0.0,0.81153822,95.4644502003934,1.6250142,320.35382,-9.2782707,95.4644502003934,,,,,0.7861895521978023,97.19059525393028,0.7861842230367829,0.7861842230367829
2348,2348,165.4189,19.500069,8.3534775,0.0,0,1.355623,0.0,0.81294149,95.60794870484526,1.6079036,319.9942,-9.2774649,95.60794870484526,,,,,0.7882860576703298,97.1934320544686,0.7882807283537627,0.7882807283537627
2349,2349,165.4191,19.54357,8.3661299,0.0,0,1.341799,0.0,0.81620973,95.6029927044342,1.5910169,319.63458,-9.2766199,95.6029927044342,,,,,0.7903825631428572,97.19626158965735,0.7903772336711409,0.7903772336711409
2350,2350,165.4193,19.578259,8.3893509,0.0,0,1.3279752,0.0,0.81861019,95.37141839434987,1.5770131,319.27496,-9.2765675,95.37141839434987,,,,,0.7924790686153846,97.19908389730601,0.7924737389889154,0.7924737389889154
2351,2351,165.4195,19.624931,8.3980331,0.0,0,1.3141512,0.0,0.81961471,95.44837651536734,1.5632474,318.91534,-9.2772245,95.44837651536734,,,,,0.7945755740879121,97.20189901492358,0.7945702443070842,0.7945702443070842
2352,2352,165.4197,19.68635,8.4083967,0.0,0,1.3003271,0.0,0.82253569,95.56700906044732,1.5478009,318.55569,-9.2778044,95.56700906044732,,,,,0.7966720795604396,97.20470697972632,0.7966667496256452,0.7966667496256452
2353,2353,165.4199,19.748367,8.4296637,0.0,0,1.2865031,0.0,0.82501763,95.49733673161664,1.5329942,318.19608,-9.2780094,95.49733673161664,,,,,0.7987685850329671,97.20750782863438,0.7987632549445963,0.7987632549445963
2354,2354,165.4201,19.813206,8.4405203,0.0,0,1.2726791,0.0,0.82596642,95.62099452759784,1.5178077,317.83646,-9.2782192,95.62099452759784,,,,,0.8008650905054946,97.21030159830232,0.8008597602639357,0.8008597602639357
2355,2355,165.4203,19.885519,8.4509153,0.0,0,1.2588551,0.0,0.82897615,95.78750637314684,1.5030669,317.47684,-9.2780952,95.78750637314684,,,,,0.8029615959780221,97.21308832507317,0.8029562655836612,0.8029562655836612
2356,2356,165.4205,19.96196,8.4727821,0.0,0,1.2450311,0.0,0.83189732,95.77036524900402,1.4877943,317.11719,-9.2779493,95.77036524900402,,,,,0.8050581014505496,97.21586804502365,0.8050527709037708,0.8050527709037708
2357,2357,165.4207,20.030746,8.4871588,0.0,0,1.2312071,0.0,0.83292139,95.84613417131597,1.4726025,316.75757,-9.2784748,95.84613417131597,,,,,0.807154606923077,97.21864079395213,0.8071492762242627,0.8071492762242627
2358,2358,165.4209,20.092169,8.4985762,0.0,0,1.2176605,0.0,0.83598822,95.93750591025584,1.4569328,316.39795,-9.2782421,95.93750591025584,,,,,0.8092511123956044,97.22140660736513,0.8092457815451349,0.8092457815451349
2359,2359,165.4211,20.136946,8.5188704,0.0,0,1.2044492,0.0,0.83923799,95.79049320444028,1.444134,316.03833,-9.2775745,95.79049320444028,,,,,0.8113476178681319,97.22416552053672,0.8113422868663855,0.8113422868663855
2360,2360,165.4213,20.168373,8.5337391,0.0,0,1.1912985,0.0,0.84018362,95.6752105856824,1.4329267,315.67871,-9.277585,95.6752105856824,,,,,0.8134441233406594,97.22691756843209,0.8134387921880125,0.8134387921880125
2361,2361,165.4215,20.215193,8.5440979,0.0,0,1.1781503,0.0,0.84275955,95.71241471449204,1.4169912,315.31909,-9.2769232,95.71241471449204,,,,,0.8155406288131869,97.22966278574837,0.8155352975100141,0.8155352975100141
2362,2362,165.4217,20.277111,8.5604305,0.0,0,1.1650023,0.0,0.84590977,95.71314171973778,1.3995641,314.95944,-9.2764578,95.71314171973778,,,,,0.8176371342857144,97.23240120695968,0.8176318028323882,0.8176318028323882
2363,2363,165.4219,20.342756,8.5758934,0.0,0,1.1518543,0.0,0.84692365,95.74523321635483,1.384464,314.59982,-9.2764521,95.74523321635483,,,,,0.8197336397582419,97.23513286623546,0.8197283081551332,0.8197283081551332
2364,2364,165.4221,20.408875,8.5864134,0.0,0,1.1387062,0.0,0.84916699,95.86683160644948,1.3713864,314.2402,-9.2763004,95.86683160644948,,,,,0.8218301452307692,97.23785779751701,0.821824813478247,0.821824813478247
2365,2365,165.4223,20.479408,8.5997829,0.0,0,1.1255583,0.0,0.85218769,95.95635486545798,1.3579868,313.88058,-9.2764826,95.95635486545798,,,,,0.8239266507032967,97.24057603445638,0.8239213188017279,0.8239213188017279
2366,2366,165.4225,20.554562,8.6161432,0.0,0,1.1124103,0.0,0.85327786,96.01151128988111,1.3440082,313.52097,-9.2765074,96.01151128988111,,,,,0.8260231561758242,97.24328761048767,0.8260178241255741,0.8260178241255741
2367,2367,165.4227,20.628233,8.6272402,0.0,0,1.0992622,0.0,0.85539502,96.15346757640384,1.3283232,313.16132,-9.2765055,96.15346757640384,,,,,0.8281196616483517,97.24599255875387,0.8281143294497837,0.8281143294497837
2368,2368,165.4229,20.685276,8.6393185,0.0,0,1.0861143,0.0,0.85864025,96.19870283476088,1.3111376,312.8017,-9.2770643,96.19870283476088,,,,,0.8302161671208792,97.24869091219384,0.8302108347743549,0.8302108347743549
2369,2369,165.4231,20.735653,8.6583338,0.0,0,1.0729662,0.0,0.86010236,96.08473937550497,1.2978954,312.44208,-9.2770891,96.08473937550497,,,,,0.8323126725934067,97.2513827034859,0.8323073400992859,0.8323073400992859
2370,2370,165.4233,20.790396,8.6718626,0.0,0,1.0598181,0.0,0.86209726,96.08997754002954,1.2853876,312.08246,-9.2768154,96.08997754002954,,,,,0.8344091780659342,97.25406796504885,0.834403845424575,0.834403845424575
2371,2371,165.4235,20.843657,8.682435,0.0,0,1.0466702,0.0,0.86543423,96.14149784806452,1.2707875,311.72284,-9.2772207,96.14149784806452,,,,,0.8365056835384616,97.25674672904863,0.8365003507502202,0.8365003507502202
2372,2372,165.4237,20.902067,8.7025156,0.0,0,1.0335222,0.0,0.86734462,96.040170839636,1.2579583,311.36319,-9.2769365,96.040170839636,,,,,0.838602189010989,97.25941902746159,0.83859685607622,0.83859685607622
2373,2373,165.4239,20.969585,8.7175694,0.0,0,1.0203742,0.0,0.86914206,96.07155716102564,1.2443596,311.00357,-9.2770329,96.07155716102564,,,,,0.8406986944835165,97.2620848919839,0.8406933614025727,0.8406933614025727
2374,2374,165.4241,21.044373,8.7247906,0.0,0,1.0072262,0.0,0.87196076,96.27995685318496,1.2292207,310.64395,-9.2782612,96.27995685318496,,,,,0.842795199956044,97.26474435409811,0.8427898667292764,0.8427898667292764
2375,2375,165.4243,21.121151,8.7432413,0.0,0,0.99407822,0.0,0.87388659,96.2869709411759,1.213726,310.28433,-9.2777033,96.2869709411759,,,,,0.8448917054285715,97.26739744505284,0.8448863720563294,0.8448863720563294
2376,2376,165.4245,21.195522,8.7594995,0.0,0,0.98093021,0.0,0.87551641,96.32158893387452,1.1999631,309.92471,-9.2769995,96.32158893387452,,,,,0.846988210901099,97.27004419586595,0.84698287738373,0.84698287738373
2377,2377,165.4247,21.266512,8.7649393,0.0,0,0.9677822,0.0,0.87814623,96.5419979779794,1.186314,309.56506,-9.27631,96.5419979779794,,,,,0.8490847163736265,97.27268463730609,0.8490793827114766,0.8490793827114766
2378,2378,165.4249,21.332617,8.7819014,0.0,0,0.95463419,0.0,0.88036907,96.5224169040504,1.1733481,309.20544,-9.2757387,96.5224169040504,,,,,0.8511812218461539,97.27531879996293,0.8511758880395675,0.8511758880395675
2379,2379,165.4251,21.39045,8.8010206,0.0,0,0.94148624,0.0,0.88196164,96.42277392849076,1.1580611,308.84583,-9.276248,96.42277392849076,,,,,0.8532777273186813,97.27794671415157,0.853272393368001,0.853272393368001
2380,2380,165.4253,21.44066,8.8060722,0.0,0,0.92833829,0.0,0.88442338,96.55341595657494,1.143857,308.48621,-9.2764158,96.55341595657494,,,,,0.8553742327912088,97.2805684100149,0.8553688986967755,0.8553688986967755
2381,2381,165.4255,21.496161,8.8214369,0.0,0,0.91519028,0.0,0.88700944,96.51154126407972,1.1305678,308.12656,-9.2764769,96.51154126407972,,,,,0.8574707382637363,97.28318391744833,0.8574654040258893,0.8574654040258893
2382,2382,165.4257,21.556599,8.8411179,0.0,0,0.90204227,0.0,0.88852382,96.40803843105569,1.1154759,307.76694,-9.2768002,96.40803843105569,,,,,0.8595672437362638,97.28579326612844,0.8595619093553408,0.8595619093553408
2383,2383,165.4259,21.624943,8.8458729,0.0,0,0.88915849,0.0,0.89067405,96.6228399106711,1.1006191,307.40732,-9.2775059,96.6228399106711,,,,,0.8616637492087913,97.28839648552085,0.8616584146851284,0.8616584146851284
2384,2384,165.4261,21.696682,8.8619671,0.0,0,0.87659407,0.0,0.89371824,96.63483659207007,1.0866153,307.02588,-9.2776175,96.63483659207007,,,,,0.8637602546813188,97.29099360491064,0.8637549200152504,0.8637549200152504
2385,2385,165.4263,21.769356,8.8836546,0.0,0,0.86408746,0.0,0.89543772,96.54134094852158,1.0752608,306.62265,-9.2775383,96.54134094852158,,,,,0.8658567601538463,97.29358465331487,0.8658514253457055,0.8658514253457055
2386,2386,165.4265,21.84329,8.8872356,0.0,0,0.85158336,0.0,0.89720535,96.80009942521374,1.0632375,306.21939,-9.277688,96.80009942521374,,,,,0.8679532656263736,97.29616965958797,0.8679479306764916,0.8679479306764916
2387,2387,165.4267,21.908325,8.9004517,0.0,0,0.83907932,0.0,0.90036714,96.83245047571644,1.0488088,305.81616,-9.2776203,96.83245047571644,,,,,0.8700497710989011,97.29874865237693,0.8700444360076076,0.8700444360076076
2388,2388,165.4269,21.971323,8.9229479,0.0,0,0.82657528,0.0,0.90221786,96.67411489682569,1.0343957,305.41293,-9.27707,96.67411489682569,,,,,0.8721462765714286,97.30132166009008,0.8721409413390517,0.8721409413390517
2389,2389,165.4271,22.032846,8.9285107,0.0,0,0.8140713,0.0,0.90371943,96.83650601955716,1.0208253,305.0097,-9.2766514,96.83650601955716,,,,,0.8742427820439561,97.30388871094287,0.8742374466708225,0.8742374466708225
2390,2390,165.4273,22.085575,8.9407015,0.0,0,0.80156738,0.0,0.90699631,96.83032154101969,1.0064918,304.60645,-9.2764711,96.83032154101969,,,,,0.8763392875164836,97.30644983298974,0.8763339520029184,0.8763339520029184
2391,2391,165.4275,22.143957,8.9630175,0.0,0,0.78906333,0.0,0.90900636,96.64957108162172,0.99087477,304.20322,-9.276701,96.64957108162172,,,,,0.8784357929890111,97.30900505406386,0.8784304573353379,0.8784304573353379
2392,2392,165.4277,22.212997,8.9689217,0.0,0,0.77655935,0.0,0.91019446,96.8349971960909,0.97744524,303.79999,-9.276762,96.8349971960909,,,,,0.8805322984615386,97.31155440176185,0.8805269626680794,0.8805269626680794
2393,2393,165.4279,22.281961,8.9788094,0.0,0,0.76405537,0.0,0.91331691,96.94092602394296,0.96617556,303.39673,-9.2763367,96.94092602394296,,,,,0.882628803934066,97.31409790355434,0.8826234680011412,0.8826234680011412
2394,2394,165.4281,22.35442,8.9993086,0.0,0,0.75155133,0.0,0.91535079,96.8511699534799,0.95346636,302.9935,-9.2762747,96.8511699534799,,,,,0.8847253094065934,97.31663558666186,0.8847199733345223,0.8847199733345223
2395,2395,165.4283,22.434608,9.0050306,0.0,0,0.73904735,0.0,0.91619766,97.08513022024486,0.94073308,302.59027,-9.2762747,97.08513022024486,,,,,0.8868218148791209,97.31916747814296,0.886816478668221,0.886816478668221
2396,2396,165.4285,22.514118,9.014143,0.0,0,0.72654337,0.0,0.91922426,97.24788318953097,0.92721885,302.18704,-9.2762747,97.24788318953097,,,,,0.8889183203516484,97.32169360486327,0.8889129840022357,0.8889129840022357
2397,2397,165.4287,22.589935,9.0351534,0.0,0,0.71403933,0.0,0.9216888,97.15587266962858,0.91198069,301.78378,-9.2762547,97.15587266962858,,,,,0.8910148258241759,97.32421399350274,0.8910094893365651,0.8910094893365651
2398,2398,165.4289,22.651861,9.0452299,0.0,0,0.70153534,0.0,0.92253268,97.22046229937312,0.89885873,301.38055,-9.2766724,97.22046229937312,,,,,0.8931113312967034,97.32672867052861,0.8931059946712077,0.8931059946712077
2399,2399,165.4291,22.709326,9.0554619,0.0,0,0.68903136,0.0,0.92568648,97.26171797196486,0.88789946,300.97733,-9.2773285,97.26171797196486,,,,,0.8952078367692309,97.32923766227192,0.895202500006162,0.895202500006162
2400,2400,165.4293,22.777182,9.0759106,0.0,0,0.67652738,0.0,0.92872494,97.14064838728676,0.87541097,300.5741,-9.2769365,97.14064838728676,,,,,0.8973043422417583,97.33174099485858,0.8972990053414265,0.8972990053414265
2401,2401,165.4295,22.842405,9.0874243,0.0,0,0.6640234,0.0,0.92952704,97.18634078129244,0.862221,300.17084,-9.2768307,97.18634078129244,,,,,0.8994008477142857,97.33423869420098,0.899395510677,0.899395510677
2402,2402,165.4297,22.908232,9.0966425,0.0,0,0.65151936,0.0,0.93258172,97.27974843576132,0.84909153,299.76761,-9.276288,97.27974843576132,,,,,0.9014973531868132,97.33673078609567,0.9014920160128809,0.9014920160128809
2403,2403,165.4299,22.979147,9.1152124,0.0,0,0.63901532,0.0,0.93578202,97.2036886920328,0.83853495,299.36438,-9.2751932,97.2036886920328,,,,,0.9035938586593407,97.33921729611707,0.9035885213490679,0.9035885213490679
2404,2404,165.4301,23.054361,9.1268787,0.0,0,0.62651134,0.0,0.93627638,97.28409873617996,0.82710302,298.96112,-9.2756405,97.28409873617996,,,,,0.9056903641318682,97.34169824967198,0.9056850266855595,0.9056850266855595
2405,2405,165.4303,23.130499,9.133749,0.0,0,0.61400735,0.0,0.93876815,97.4649074276504,0.81129801,298.55789,-9.2756634,97.4649074276504,,,,,0.9077868696043957,97.34417367198505,0.9077815320223546,0.9077815320223546
2406,2406,165.4305,23.206108,9.1479073,0.0,0,0.60150337,0.0,0.94184405,97.49305781723552,0.79866338,298.15466,-9.2752457,97.49305781723552,,,,,0.9098833750769232,97.34664358813448,0.9098780373594514,0.9098780373594514
2407,2407,165.4307,23.280306,9.1612415,0.0,0,0.58899933,0.0,0.94244629,97.53036049156884,0.78601944,297.75143,-9.2752228,97.53036049156884,,,,,0.9119798805494507,97.34910802300207,0.9119745426968489,0.9119745426968489
2408,2408,165.4309,23.340189,9.1691484,0.0,0,0.57674313,0.0,0.94450456,97.6180901175435,0.7733475,297.34818,-9.2754049,97.6180901175435,,,,,0.914076386021978,97.35156700132805,0.9140710480345453,0.9140710480345453
2409,2409,165.4311,23.39817,9.1811638,0.0,0,0.56478655,0.0,0.94757968,97.61205650484948,0.76277,296.94495,-9.275753,97.61205650484948,,,,,0.9161728914945055,97.35402054765981,0.9161675533725399,0.9161675533725399
2410,2410,165.4313,23.457289,9.1963444,0.0,0,0.5528841,0.0,0.94854587,97.5438855853164,0.7488789,296.54172,-9.2760458,97.5438855853164,,,,,0.918269396967033,97.35646868637414,0.9182640587108308,0.9182640587108308
2411,2411,165.4315,23.520546,9.2064295,0.0,0,0.54098403,0.0,0.95055854,97.59722796885728,0.73579669,296.13846,-9.2760487,97.59722796885728,,,,,0.9203659024395605,97.35891144171025,0.920360564049417,0.920360564049417
2412,2412,165.4317,23.590269,9.2175713,0.0,0,0.52908403,0.0,0.95390999,97.6541750510039,0.72388071,295.73523,-9.2749662,97.6541750510039,,,,,0.922462407912088,97.36134883772506,0.9224570693882971,0.9224570693882971
2413,2413,165.4319,23.664778,9.2343216,0.0,0,0.51718396,0.0,0.95519197,97.61217277606352,0.71162254,295.332,-9.2744265,97.61217277606352,,,,,0.9245589133846155,97.36378089831896,0.9245535747274696,0.9245535747274696
2414,2414,165.4321,23.749422,9.2456474,0.0,0,0.50528395,0.0,0.95693195,97.723509198515,0.70075846,294.92877,-9.2747393,97.723509198515,,,,,0.926655418857143,97.36620764721027,0.9266500800669334,0.9266500800669334
2415,2415,165.4323,23.836103,9.2538557,0.0,0,0.49338397,0.0,0.96019828,97.90720587564364,0.68763435,294.52551,-9.2747078,97.90720587564364,,,,,0.9287519243296704,97.36862910800305,0.9287465854066871,0.9287465854066871
2416,2416,165.4325,23.925352,9.2707348,0.0,0,0.48148397,0.0,0.96181226,97.91676341408268,0.67316246,294.12228,-9.2747622,97.91676341408268,,,,,0.9308484298021978,97.37104530410676,0.9308430907467296,0.9308430907467296
2417,2417,165.4327,24.009418,9.2833261,0.0,0,0.46958399,0.0,0.96343815,97.9935355559435,0.66064608,293.71906,-9.2747459,97.9935355559435,,,,,0.9329449352747253,97.37345625879355,0.9329395960870595,0.9329395960870595
2418,2418,165.4329,24.075239,9.2896042,0.0,0,0.45768398,0.0,0.96652138,98.12854972919992,0.64705789,293.3158,-9.2748747,98.12854972919992,,,,,0.9350414407472528,97.37586199516382,0.9350361014276755,0.9350361014276755
2419,2419,165.4331,24.132404,9.3070011,0.0,0,0.44578397,0.0,0.96839201,97.99036699523349,0.63399363,292.91257,-9.2756319,97.99036699523349,,,,,0.9371379462197803,97.37826253618604,0.9371326067685763,0.9371326067685763
2420,2420,165.4333,24.196636,9.3209858,0.0,0,0.43388397,0.0,0.96986002,97.9520063401133,0.62387884,292.50934,-9.2755423,97.9520063401133,,,,,0.9392344516923078,97.3806579046448,0.9392291121097608,0.9392291121097608
2421,2421,165.4335,24.266256,9.3246155,0.0,0,0.42198399,0.0,0.97249943,98.15596511103529,0.6128422,292.10611,-9.2760868,98.15596511103529,,,,,0.9413309571648353,97.38304812322349,0.9413256174512277,0.9413256174512277
2422,2422,165.4337,24.34091,9.341258,0.0,0,0.41008398,0.0,0.97462767,98.0997746873654,0.60042071,291.70285,-9.2771034,98.0997746873654,,,,,0.9434274626373627,97.38543321440278,0.9434221227929755,0.9434221227929755
2423,2423,165.4339,24.414682,9.3577461,0.0,0,0.39818397,0.0,0.97605908,98.04117501237054,0.58830225,291.29962,-9.2764931,98.04117501237054,,,,,0.9455239681098901,97.3878132005623,0.9455186281350035,0.9455186281350035
2424,2424,165.4341,24.50054,9.361331,0.0,0,0.38628396,0.0,0.97851205,98.30829429388568,0.57436228,290.89639,-9.2751007,98.30829429388568,,,,,0.9476204735824176,97.39018810389166,0.9476151334773102,0.9476151334773102
2425,2425,165.4343,24.592199,9.3767853,0.0,0,0.37438396,0.0,0.98112243,98.34004379603928,0.56057101,290.49316,-9.2743883,98.34004379603928,,,,,0.9497169790549451,97.3925579464623,0.9497116388198943,0.9497116388198943
2426,2426,165.4345,24.67432,9.3946247,0.0,0,0.36248395,0.0,0.98253649,98.27924111701024,0.55022371,290.0899,-9.2739639,98.27924111701024,,,,,0.9518134845274726,97.39492275018648,0.9518081441627547,0.9518081441627547
2427,2427,165.4347,24.74828,9.3969994,0.0,0,0.35058397,0.0,0.98461026,98.52186526189978,0.53980845,289.68668,-9.2732239,98.52186526189978,,,,,0.95390999,97.39728253685558,0.95390464950589,0.95390464950589
