level_0,index,Time(sec),Force(kN),Jaw(mm),PowAngle(deg),Power(W),Pram,PTemp,Strain,Stress(MPa),Stroke(mm),TC1(C),wedge(mm),uncorrected stress
1873,1873,155.3448,1.1591333,0.038278293,0.0,0,9.0337067,0.0,0.0023505834,14.092158177686304,10.0417,331.97104,-9.3067589,14.092158177686304
1874,1874,155.345,2.2785997,0.047320578,0.0,0,9.0044422,0.0,0.0032060887,27.684251440409675,10.007486,332.02588,-9.3068361,27.684251440409675
1875,1875,155.3452,3.8391709,0.07576222,0.0,0,8.9751787,0.0,0.004608199,46.55027390040344,9.9791651,332.08072,-9.3068399,46.55027390040344
1876,1876,155.3454,5.035481,0.10520047,0.0,0,8.9459143,0.0,0.0064311218,60.92745650203855,9.9510784,332.13556,-9.3061476,60.92745650203855
1877,1877,155.3456,5.6797256,0.119481,0.0,0,8.9166508,0.0,0.0080047138,68.65244019362315,9.9199362,332.1904,-9.3051519,68.65244019362315
1878,1878,155.3458,6.0683708,0.14265572,0.0,0,8.8873863,0.0,0.0091874748,73.22849162791084,9.8854837,332.24524,-9.3037519,73.22849162791084
1879,1879,155.346,6.5432987,0.18562315,0.0,0,8.8581219,0.0,0.011464315,78.71642507575301,9.8470488,332.30008,-9.3023567,78.71642507575301
1880,1880,155.3462,6.9320674,0.23852262,0.0,0,8.8288584,0.0,0.015402166,83.07619906966055,9.8058681,332.35492,-9.3016386,83.07619906966055
1881,1881,155.3464,7.1073799,0.29927117,0.0,0,8.7995939,0.0,0.019553082,84.80375617328724,9.766923,332.40976,-9.3018894,84.80375617328724
1882,1882,155.3466,7.3206873,0.34721956,0.0,0,8.7703304,0.0,0.022551104,87.04526488026514,9.7235603,332.4646,-9.302289,87.04526488026514
1883,1883,155.3468,7.7221799,0.37501228,0.0,0,8.7416534,0.0,0.02492414,91.63347884902076,9.6745338,332.51944,-9.3020668,91.63347884902076
1884,1884,155.347,8.0249929,0.41866538,0.0,0,8.7136879,0.0,0.02782622,94.92368000675356,9.6277876,332.57428,-9.3022547,94.92368000675356
1885,1885,155.3472,8.1628437,0.4735606,0.0,0,8.6858492,0.0,0.031053908,96.16656462116896,9.5806141,332.62912,-9.3017092,96.16656462116896
1886,1886,155.3474,8.4199057,0.50311577,0.0,0,8.6580172,0.0,0.033725183,98.97970141469696,9.5361023,332.68396,-9.3013573,98.97970141469696
1887,1887,155.3476,8.7290859,0.52054697,0.0,0,8.6301851,0.0,0.035388146,102.48259401826043,9.4964256,332.7388,-9.3011446,102.48259401826043
1888,1888,155.3478,8.7680159,0.54077864,0.0,0,8.6023531,0.0,0.036245137,102.78615139819199,9.4595575,332.79364,-9.3000517,102.78615139819199
1889,1889,155.348,8.5535288,0.5628804,0.0,0,8.574522,0.0,0.037774369,100.10816445482457,9.4273472,332.84848,-9.2993011,100.10816445482457
1890,1890,155.3482,8.5052052,0.60291827,0.0,0,8.546689,0.0,0.040712863,99.2479170111152,9.3964443,332.90332,-9.2991495,99.2479170111152
1891,1891,155.3484,8.7617273,0.64329618,0.0,0,8.518857,0.0,0.043202978,101.935126871665,9.3645163,332.95816,-9.2998018,101.935126871665
1892,1892,155.3486,9.0286417,0.65956062,0.0,0,8.4910259,0.0,0.044568297,104.91335683772012,9.3315182,333.013,-9.3003435,104.91335683772012
1893,1893,155.3488,9.1322584,0.68240106,0.0,0,8.4631929,0.0,0.046429303,105.936862585912,9.2989101,333.0654,-9.2998209,105.936862585912
1894,1894,155.349,9.2199793,0.72554564,0.0,0,8.4353609,0.0,0.048816726,106.6101500333204,9.2660284,333.11536,-9.2992067,106.6101500333204
1895,1895,155.3492,9.3572559,0.76828927,0.0,0,8.4075298,0.0,0.051657207,107.85126849632418,9.2317066,333.16534,-9.2991152,107.85126849632418
1896,1896,155.3494,9.3649349,0.81585538,0.0,0,8.3796968,0.0,0.055510424,107.55416781407224,9.1951694,333.21533,-9.2993889,107.55416781407224
1897,1897,155.3496,9.1771364,0.86437494,0.0,0,8.3518648,0.0,0.058741193,105.01186367277536,9.1544733,333.26529,-9.299921,105.01186367277536
1898,1898,155.3498,9.0905848,0.89786416,0.0,0,8.3240337,0.0,0.060992934,103.75789814695585,9.1133232,333.31528,-9.3004045,103.75789814695585
1899,1899,155.35,9.2920256,0.93382192,0.0,0,8.2962017,0.0,0.063983761,105.7678064121953,9.0750008,333.36523,-9.3003502,105.7678064121953
1900,1900,155.3502,9.5109367,0.97748214,0.0,0,8.2683697,0.0,0.066916391,107.90003319974434,9.0386744,333.41522,-9.2996569,107.90003319974434
1901,1901,155.3504,9.5192327,1.0089239,0.0,0,8.2405376,0.0,0.068938039,107.7349718014785,9.0017767,333.46521,-9.2990894,107.7349718014785
1902,1902,155.3506,9.4645672,1.0304016,0.0,0,8.2127056,0.0,0.071046978,106.9402545299219,8.963727,333.51517,-9.2991676,106.9402545299219
1903,1903,155.3508,9.5786724,1.0511856,0.0,0,8.1848736,0.0,0.072599664,108.0571218576843,8.9315138,333.56516,-9.2991743,108.0571218576843
1904,1904,155.351,9.7569017,1.071123,0.0,0,8.1570415,0.0,0.073534735,109.89925976652046,8.9027357,333.61511,-9.299078,109.89925976652046
1905,1905,155.3512,9.7302265,1.1003945,0.0,0,8.1292095,0.0,0.0758316,109.35212174181048,8.8717623,333.6651,-9.2991133,109.35212174181048
1906,1906,155.3514,9.5498028,1.1380879,0.0,0,8.1013775,0.0,0.07867045,107.01267325017925,8.8438473,333.71509,-9.299654,107.01267325017925
1907,1907,155.3516,9.5296907,1.1664138,0.0,0,8.0735455,0.0,0.080364987,106.55348850350309,8.8164616,333.76505,-9.3004246,106.55348850350309
1908,1908,155.3518,9.770648,1.1852342,0.0,0,8.0462685,0.0,0.081996478,109.08839722142781,8.7881956,333.81503,-9.3006144,109.08839722142781
1909,1909,155.352,10.003962,1.2111076,0.0,0,8.0196619,0.0,0.084020741,111.46911047809039,8.7600842,333.86499,-9.3004379,111.46911047809039
1910,1910,155.3522,10.015285,1.2508227,0.0,0,7.993176,0.0,0.08623302,111.25070063600828,8.7305346,333.91498,-9.3002148,111.25070063600828
1911,1911,155.3524,9.9430161,1.2933317,0.0,0,7.9666953,0.0,0.089409277,110.08174940608076,8.6981974,333.96497,-9.2995996,110.08174940608076
1912,1912,155.3526,9.9610615,1.3298308,0.0,0,7.9402156,0.0,0.092641607,109.96653124824,8.6634588,334.01492,-9.299036,109.96653124824
1913,1913,155.3528,9.9906025,1.3647949,0.0,0,7.9137359,0.0,0.094754301,109.9899835110214,8.6297226,334.06491,-9.298934,109.9899835110214
1914,1914,155.353,9.9314241,1.3972894,0.0,0,7.8872557,0.0,0.097035401,109.05882621840884,8.594492,334.11487,-9.2989664,109.05882621840884
1915,1915,155.3532,9.8699818,1.4291692,0.0,0,7.8607755,0.0,0.099952213,108.11144665491292,8.5600929,334.16486,-9.299037,108.11144665491292
1916,1916,155.3534,9.9399328,1.4679781,0.0,0,7.8342957,0.0,0.10244722,108.54335036119996,8.5273714,334.21484,-9.2992001,108.54335036119996
1917,1917,155.3536,10.090405,1.4959933,0.0,0,7.8078156,0.0,0.1044347,109.94149860132646,8.4948406,334.2648,-9.2999401,109.94149860132646
1918,1918,155.3538,10.16041,1.507689,0.0,0,7.7813354,0.0,0.10600219,110.60125440311677,8.4619703,334.31479,-9.3005457,110.60125440311677
1919,1919,155.354,10.161061,1.5295426,0.0,0,7.7548552,0.0,0.10725559,110.41587677287858,8.4315081,334.36475,-9.300704,110.41587677287858
1920,1920,155.3542,10.201104,1.5602291,0.0,0,7.7283754,0.0,0.10904397,110.5796736898828,8.4047041,334.41473,-9.3010073,110.5796736898828
1921,1921,155.3544,10.249875,1.5867324,0.0,0,7.7018952,0.0,0.11155573,110.87287247423782,8.3797235,334.46472,-9.3010616,110.87287247423782
1922,1922,155.3546,10.227021,1.6194975,0.0,0,7.675415,0.0,0.11394017,110.33518172538707,8.3524714,334.51468,-9.3007402,110.33518172538707
1923,1923,155.3548,10.185847,1.6485093,0.0,0,7.6489348,0.0,0.11567579,109.63478899336938,8.3251543,334.56467,-9.300909,109.63478899336938
1924,1924,155.355,10.262007,1.6632041,0.0,0,7.6224551,0.0,0.11729763,110.32379778103949,8.2977314,334.61462,-9.3005953,110.32379778103949
1925,1925,155.3552,10.417478,1.6920284,0.0,0,7.5959754,0.0,0.11943962,111.73488407677767,8.2702274,334.66461,-9.2995443,111.73488407677767
1926,1926,155.3554,10.473701,1.7326695,0.0,0,7.5694952,0.0,0.12181012,111.96884739030644,8.2422943,334.7146,-9.299077,111.96884739030644
1927,1927,155.3556,10.417029,1.7593325,0.0,0,7.543015,0.0,0.12426782,111.12216081127774,8.2115355,334.76456,-9.2988167,111.12216081127774
1928,1928,155.3558,10.40061,1.7899203,0.0,0,7.5165353,0.0,0.12690325,110.67114723221079,8.1816101,334.81454,-9.2988052,110.67114723221079
1929,1929,155.356,10.482315,1.8242031,0.0,0,7.4900556,0.0,0.12890838,111.22891778153706,8.15273,334.8645,-9.299078,111.22891778153706
1930,1930,155.3562,10.541996,1.8464801,0.0,0,7.4635754,0.0,0.13084002,111.65853210501659,8.1220493,334.91449,-9.299777,111.65853210501659
1931,1931,155.3564,10.495643,1.879208,0.0,0,7.4370952,0.0,0.13367057,110.86965746521591,8.0931435,334.96448,-9.3004665,110.86965746521591
1932,1932,155.3566,10.463719,1.9157203,0.0,0,7.410615,0.0,0.13597628,110.20105863426649,8.0642214,335.01443,-9.3005571,110.20105863426649
1933,1933,155.3568,10.536559,1.9307352,0.0,0,7.3846664,0.0,0.13738585,110.83096451321532,8.0327435,335.06442,-9.3000803,110.83096451321532
1934,1934,155.357,10.632274,1.9478954,0.0,0,7.3593612,0.0,0.13917637,111.67950113796374,8.005187,335.11438,-9.2995253,111.67950113796374
1935,1935,155.3572,10.652377,1.977481,0.0,0,7.3341722,0.0,0.14081424,111.61727582540699,7.9777188,335.16437,-9.2992678,111.61727582540699
1936,1936,155.3574,10.620845,2.000381,0.0,0,7.3089881,0.0,0.14244166,111.07588855825686,7.9507747,335.21436,-9.299202,111.07588855825686
1937,1937,155.3576,10.634737,2.0272987,0.0,0,7.2838039,0.0,0.1450787,110.97283161503948,7.9245181,335.26431,-9.2991781,110.97283161503948
1938,1938,155.3578,10.69634,2.0588853,0.0,0,7.2586198,0.0,0.14721912,111.32253163513018,7.8991237,335.3143,-9.2997055,111.32253163513018
1939,1939,155.358,10.73982,2.0777459,0.0,0,7.2334356,0.0,0.14845818,111.59930492162255,7.8749065,335.36426,-9.2997808,111.59930492162255
1940,1940,155.3582,10.752345,2.1001954,0.0,0,7.2082515,0.0,0.15067276,111.52001367373919,7.848659,335.41425,-9.2996788,111.52001367373919
1941,1941,155.3584,10.797514,2.1352813,0.0,0,7.1830673,0.0,0.15321213,111.65976832793801,7.8204594,335.46423,-9.2998295,111.65976832793801
1942,1942,155.3586,10.873198,2.1633999,0.0,0,7.1578832,0.0,0.15501551,112.17712558359769,7.793961,335.51419,-9.2992554,112.17712558359769
1943,1943,155.3588,10.900977,2.1882582,0.0,0,7.1326995,0.0,0.1574358,112.22855829579703,7.7678704,335.54163,-9.2988043,112.22855829579703
1944,1944,155.359,10.880055,2.2173924,0.0,0,7.1075153,0.0,0.15971817,111.73806600188459,7.7402058,335.54648,-9.2988605,111.73806600188459
1945,1945,155.3592,10.863918,2.2433038,0.0,0,7.0823312,0.0,0.16123544,111.32802494956148,7.7141223,335.55133,-9.2991695,111.32802494956148
1946,1946,155.3594,10.880301,2.2701144,0.0,0,7.0571475,0.0,0.16369623,111.24272274010748,7.6871896,335.55621,-9.2991076,111.24272274010748
1947,1947,155.3596,10.908585,2.2992022,0.0,0,7.0319633,0.0,0.16621432,111.25648367820689,7.659678,335.56107,-9.2990141,111.25648367820689
1948,1948,155.3598,10.938725,2.3221536,0.0,0,7.0067792,0.0,0.167594,111.34595129302919,7.6334338,335.56592,-9.2990103,111.34595129302919
1949,1949,155.36,10.994457,2.3395083,0.0,0,6.981595,0.0,0.16923502,111.7476168999229,7.6069689,335.5708,-9.2990112,111.7476168999229
1950,1950,155.3602,11.060913,2.3609407,0.0,0,6.9564114,0.0,0.17122895,112.21727947059942,7.5806541,335.57565,-9.2990112,112.21727947059942
1951,1951,155.3604,11.110624,2.3897243,0.0,0,6.9312277,0.0,0.1728743,112.44397794027331,7.5550556,335.58051,-9.2990942,112.44397794027331
1952,1952,155.3606,11.115296,2.4185705,0.0,0,6.9060431,0.0,0.175202,112.21288442799393,7.5300241,335.58539,-9.2991409,112.21288442799393
1953,1953,155.3608,11.088168,2.4432595,0.0,0,6.8808594,0.0,0.17778003,111.70132861103762,7.5038519,335.59024,-9.2992125,111.70132861103762
1954,1954,155.361,11.077086,2.4698379,0.0,0,6.8556757,0.0,0.17938784,111.334053018843,7.4776125,335.59509,-9.2992182,111.334053018843
1955,1955,155.3612,11.105292,2.4939177,0.0,0,6.830492,0.0,0.18115692,111.3853410099859,7.4544363,335.59998,-9.2996807,111.3853410099859
1956,1956,155.3614,11.157804,2.5156934,0.0,0,6.8053074,0.0,0.18353194,111.70104284395008,7.4291811,335.60483,-9.2999372,111.70104284395008
1957,1957,155.3616,11.214992,2.5475187,0.0,0,6.7801232,0.0,0.18563634,111.96359271865292,7.4023719,335.60968,-9.2998705,111.96359271865292
1958,1958,155.3618,11.269726,2.5757041,0.0,0,6.7554417,0.0,0.18761903,112.23415662199154,7.3772302,335.61453,-9.2998543,112.23415662199154
1959,1959,155.362,11.308801,2.5929458,0.0,0,6.7313671,0.0,0.18976173,112.45395342314981,7.3495846,335.61942,-9.2992964,112.45395342314981
1960,1960,155.3622,11.323764,2.6204758,0.0,0,6.7074022,0.0,0.19173405,112.33197525742239,7.3231673,335.62427,-9.2990208,112.33197525742239
1961,1961,155.3624,11.319166,2.6511934,0.0,0,6.6834416,0.0,0.19363637,111.98434677571174,7.2971015,335.62912,-9.2995634,111.98434677571174
1962,1962,155.3626,11.315963,2.6715281,0.0,0,6.6594815,0.0,0.19591868,111.75277305983421,7.2723002,335.634,-9.2995729,111.75277305983421
1963,1963,155.3628,11.322593,2.6988747,0.0,0,6.6355219,0.0,0.19816615,111.54926718518398,7.2487154,335.63885,-9.2991953,111.54926718518398
1964,1964,155.363,11.344234,2.7261214,0.0,0,6.6115613,0.0,0.19980317,111.49394596703824,7.2238288,335.64371,-9.2995358,111.49394596703824
1965,1965,155.3632,11.38709,2.7397406,0.0,0,6.5876017,0.0,0.20140736,111.7804101128259,7.1984816,335.64859,-9.2995625,111.7804101128259
1966,1966,155.3634,11.440473,2.7649434,0.0,0,6.5636415,0.0,0.20353675,112.05392845640148,7.1712313,335.65344,-9.2999163,112.05392845640148
1967,1967,155.3636,11.495247,2.7983968,0.0,0,6.5396819,0.0,0.20558257,112.25627977389232,7.1455402,335.65829,-9.2998381,112.25627977389232
1968,1968,155.3638,11.530502,2.8171518,0.0,0,6.5157218,0.0,0.20760103,112.41265028665757,7.122323,335.66318,-9.2992697,112.41265028665757
1969,1969,155.364,11.547348,2.8412855,0.0,0,6.4917622,0.0,0.20990214,112.3347193417017,7.0978374,335.66803,-9.2997026,112.3347193417017
1970,1970,155.3642,11.556124,2.8712358,0.0,0,6.467802,0.0,0.21170697,112.1193172676218,7.0732107,335.67288,-9.2999992,112.1193172676218
1971,1971,155.3644,11.565466,2.8888552,0.0,0,6.4438419,0.0,0.21346046,112.0328594843362,7.0500312,335.67776,-9.2994785,112.0328594843362
1972,1972,155.3646,11.580754,2.9150717,0.0,0,6.4198818,0.0,0.21603476,111.91708507674464,7.0251117,335.68262,-9.2990608,111.91708507674464
1973,1973,155.3648,11.609278,2.9482465,0.0,0,6.3959212,0.0,0.21811149,111.85799723643278,6.9996848,335.68747,-9.2990656,111.85799723643278
1974,1974,155.365,11.642067,2.9646673,0.0,0,6.3719616,0.0,0.21962804,112.0077580364644,6.9743972,335.69235,-9.2995949,112.0077580364644
1975,1975,155.3652,11.671983,2.9861882,0.0,0,6.3480015,0.0,0.22197007,112.07723130396971,6.9491901,335.6972,-9.2997465,112.07723130396971
1976,1976,155.3654,11.709833,3.0180657,0.0,0,6.3240418,0.0,0.22399972,112.11618530333276,6.9259257,335.70206,-9.2993603,112.11618530333276
1977,1977,155.3656,11.735884,3.0390983,0.0,0,6.3000817,0.0,0.22563535,112.151025410147,6.9033899,335.70694,-9.2992344,112.151025410147
1978,1978,155.3658,11.752444,3.0630379,0.0,0,6.2761221,0.0,0.22829302,112.0646753273809,6.8778858,335.71179,-9.2992163,112.0646753273809
1979,1979,155.366,11.769296,3.0936801,0.0,0,6.252162,0.0,0.23057,111.91181372287303,6.8499374,335.71664,-9.2991848,111.91181372287303
1980,1980,155.3662,11.79831,3.1135094,0.0,0,6.2282019,0.0,0.23189203,111.98428284770749,6.8230519,335.72153,-9.2990437,111.98428284770749
1981,1981,155.3664,11.834893,3.1339464,0.0,0,6.2042422,0.0,0.23417592,112.12119975781268,6.7989225,335.72638,-9.2998438,112.12119975781268
1982,1982,155.3666,11.859805,3.1639373,0.0,0,6.1802821,0.0,0.23658577,112.04791405582196,6.775764,335.73123,-9.3000774,112.04791405582196
1983,1983,155.3668,11.874241,3.1879795,0.0,0,6.1568027,0.0,0.2381532,111.93603681164446,6.749867,335.73608,-9.3000107,111.93603681164446
1984,1984,155.367,11.891304,3.2085242,0.0,0,6.1339049,0.0,0.24047473,111.88442234379887,6.7232947,335.74097,-9.3002682,111.88442234379887
1985,1985,155.3672,11.921841,3.2328184,0.0,0,6.1111121,0.0,0.24265844,111.91984545482198,6.6998219,335.74582,-9.3002863,111.91984545482198
1986,1986,155.3674,11.96258,3.25527,0.0,0,6.0883236,0.0,0.24395548,112.06869513235058,6.6737123,335.75067,-9.2998304,112.06869513235058
1987,1987,155.3676,11.99191,3.2784057,0.0,0,6.065536,0.0,0.24627861,112.10214629487761,6.6499748,335.75555,-9.2990656,112.10214629487761
1988,1988,155.3678,12.014176,3.3066444,0.0,0,6.042748,0.0,0.24898952,112.01518030606736,6.626976,335.76041,-9.2990265,112.01518030606736
1989,1989,155.368,12.044986,3.3320923,0.0,0,6.0199599,0.0,0.25057948,112.03579542488946,6.601697,335.76526,-9.2990274,112.03579542488946
1990,1990,155.3682,12.082607,3.3530359,0.0,0,5.9971719,0.0,0.25263929,112.16557991340808,6.5776553,335.77014,-9.2990103,112.16557991340808
1991,1991,155.3684,12.115691,3.3769073,0.0,0,5.9743834,0.0,0.25510073,112.22108593186596,6.5529079,335.77499,-9.2991962,112.22108593186596
1992,1992,155.3686,12.128078,3.4047608,0.0,0,5.9515953,0.0,0.25680533,112.04190823324933,6.5292387,335.77985,-9.2993298,112.04190823324933
1993,1993,155.3688,12.126412,3.4289088,0.0,0,5.9288077,0.0,0.25892854,111.77172602369336,6.5041752,335.75851,-9.2995682,111.77172602369336
1994,1994,155.369,12.134515,3.4490588,0.0,0,5.9060202,0.0,0.26135153,111.63365271041867,6.4806972,335.71097,-9.3002043,111.63365271041867
1995,1995,155.3692,12.165275,3.4745679,0.0,0,5.8832321,0.0,0.26298547,111.64659164010962,6.4591026,335.66345,-9.3003597,111.64659164010962
1996,1996,155.3694,12.204626,3.4986577,0.0,0,5.8604436,0.0,0.26483378,111.751876829355,6.4332318,335.61591,-9.300355,111.751876829355
1997,1997,155.3696,12.244893,3.5185895,0.0,0,5.8376555,0.0,0.26734269,111.90817726021375,6.4069996,335.56836,-9.2998619,111.90817726021375
1998,1998,155.3698,12.283532,3.5469165,0.0,0,5.8148675,0.0,0.26943076,111.95846681833804,6.3840585,335.52084,-9.2988157,111.95846681833804
1999,1999,155.37,12.309864,3.5725951,0.0,0,5.792079,0.0,0.27131981,111.92333910871558,6.3611064,335.4733,-9.2988977,111.92333910871558
2000,2000,155.3702,12.325006,3.5896864,0.0,0,5.7692914,0.0,0.27359146,111.8776549670677,6.3393211,335.42575,-9.2991629,111.8776549670677
2001,2001,155.3704,12.346461,3.6165562,0.0,0,5.7465038,0.0,0.27560145,111.78362871964684,6.3146544,335.3782,-9.2986183,111.78362871964684
2002,2002,155.3706,12.368779,3.6456797,0.0,0,5.7237153,0.0,0.27745619,111.67210632632758,6.2851334,335.33069,-9.2986155,111.67210632632758
2003,2003,155.3708,12.376193,3.6635056,0.0,0,5.7009277,0.0,0.27978167,111.54697784275459,6.2598538,335.28314,-9.298872,111.54697784275459
2004,2004,155.371,12.393414,3.6896291,0.0,0,5.6781397,0.0,0.28208652,111.42031577034662,6.2385774,335.2356,-9.2988911,111.42031577034662
2005,2005,155.3712,12.429432,3.7183619,0.0,0,5.6553516,0.0,0.2839182,111.43317644500151,6.2149382,335.18805,-9.3002558,111.43317644500151
2006,2006,155.3714,12.470711,3.7326663,0.0,0,5.6325636,0.0,0.28580827,111.64792688535319,6.1925263,335.14053,-9.3016653,111.64792688535319
2007,2007,155.3716,12.514719,3.7573006,0.0,0,5.6097755,0.0,0.28818902,111.77346990649761,6.170536,335.09299,-9.3012667,111.77346990649761
2008,2008,155.3718,12.549323,3.7886684,0.0,0,5.5874419,0.0,0.29020765,111.73973184117881,6.1454268,335.04544,-9.3009138,111.73973184117881
2009,2009,155.372,12.565833,3.8039312,0.0,0,5.5656581,0.0,0.29210266,111.71971129811159,6.1217093,334.99792,-9.3008585,111.71971129811159
2010,2010,155.3722,12.574292,3.8260145,0.0,0,5.5439739,0.0,0.29455099,111.55307907455004,6.0988941,334.95038,-9.3005114,111.55307907455004
2011,2011,155.3724,12.588557,3.8565321,0.0,0,5.5222936,0.0,0.29646945,111.34502586365114,6.0756316,334.90283,-9.2994833,111.34502586365114
2012,2012,155.3726,12.6085,3.8727839,0.0,0,5.5006137,0.0,0.29820684,111.3429377506288,6.0521789,334.85529,-9.2984962,111.3429377506288
2013,2013,155.3728,12.632616,3.8968222,0.0,0,5.4789333,0.0,0.30091467,111.2913863018088,6.0285873,334.80777,-9.2985888,111.2913863018088
2014,2014,155.373,12.657077,3.9296618,0.0,0,5.4572535,0.0,0.3030988,111.14479592908936,6.0054808,334.76022,-9.2984905,111.14479592908936
2015,2015,155.3732,12.681898,3.946928,0.0,0,5.4355736,0.0,0.30469796,111.17199360744277,5.9793096,334.71268,-9.2983475,111.17199360744277
2016,2016,155.3734,12.716039,3.967628,0.0,0,5.4138937,0.0,0.30723116,111.24195498018797,5.9567337,334.66516,-9.2986956,111.24195498018797
2017,2017,155.3736,12.761629,3.9981651,0.0,0,5.3922133,0.0,0.30936274,111.30124350979591,5.934021,334.61761,-9.299674,111.30124350979591
2018,2018,155.3738,12.793387,4.0171866,0.0,0,5.3705335,0.0,0.31086177,111.36618444201345,5.9100909,334.57007,-9.3002167,111.36618444201345
2019,2019,155.374,12.803366,4.0371881,0.0,0,5.3488536,0.0,0.31344482,111.22990419153662,5.8887043,334.52252,-9.3003654,111.22990419153662
2020,2020,155.3742,12.819632,4.0658169,0.0,0,5.3271737,0.0,0.3157438,111.05139284933023,5.8651133,334.47501,-9.3007841,111.05139284933023
2021,2021,155.3744,12.846189,4.084424,0.0,0,5.3054934,0.0,0.31710169,111.0731358481067,5.842453,334.42746,-9.3009939,111.0731358481067
2022,2022,155.3746,12.874259,4.1033893,0.0,0,5.2838135,0.0,0.31947652,111.10304614993301,5.8196507,334.37991,-9.3008299,111.10304614993301
2023,2023,155.3748,12.897276,4.1323857,0.0,0,5.2621331,0.0,0.32195321,110.97573395356632,5.7938738,334.3324,-9.3005972,110.97573395356632
2024,2024,155.375,12.914494,4.1545525,0.0,0,5.2404532,0.0,0.32348558,110.8743642243392,5.7699676,334.28485,-9.2997913,110.8743642243392
2025,2025,155.3752,12.935925,4.1737056,0.0,0,5.2187734,0.0,0.32582778,110.84238663408198,5.746944,334.2373,-9.2985983,110.84238663408198
2026,2026,155.3754,12.968908,4.1990499,0.0,0,5.1970935,0.0,0.32829797,110.83847925661716,5.7234111,334.18976,-9.2983484,110.83847925661716
2027,2027,155.3756,13.013003,4.2221026,0.0,0,5.1754136,0.0,0.32971498,110.95381667452516,5.7011471,334.14224,-9.2987089,110.95381667452516
2028,2028,155.3758,13.047226,4.2440429,0.0,0,5.1537337,0.0,0.33212158,110.99604617241148,5.6777382,334.0947,-9.2986336,110.99604617241148
2029,2029,155.376,13.073525,4.2693133,0.0,0,5.1320534,0.0,0.33492976,110.93173327345778,5.6551867,334.04715,-9.2993155,110.93173327345778
2030,2030,155.3762,13.097343,4.2931285,0.0,0,5.1103735,0.0,0.33641028,110.86186461140797,5.6333337,333.9996,-9.3003025,110.86186461140797
2031,2031,155.3764,13.112039,4.3131661,0.0,0,5.0886931,0.0,0.3384527,110.75715916947581,5.6100831,333.95209,-9.2998714,110.75715916947581
2032,2032,155.3766,13.129013,4.3339806,0.0,0,5.0670133,0.0,0.34104559,110.6622359380773,5.5878911,333.90454,-9.3005772,110.6622359380773
2033,2033,155.3768,13.154297,4.3595939,0.0,0,5.0457683,0.0,0.34272772,110.58152510327662,5.5660486,333.85699,-9.3011427,110.58152510327662
2034,2034,155.377,13.179498,4.3819757,0.0,0,5.0250487,0.0,0.34481147,110.53611437993055,5.5441895,333.80948,-9.300602,110.53611437993055
2035,2035,155.3772,13.203218,4.4010959,0.0,0,5.0044241,0.0,0.34740645,110.51487300801193,5.5214028,333.76193,-9.2999992,110.51487300801193
2036,2036,155.3774,13.231547,4.4262185,0.0,0,4.9838042,0.0,0.34915486,110.46205620299465,5.4966135,333.71439,-9.2995758,110.46205620299465
2037,2037,155.3776,13.271134,4.4483509,0.0,0,4.9631839,0.0,0.35096449,110.53633456654114,5.4739146,333.66684,-9.2999229,110.53633456654114
2038,2038,155.3778,13.306314,4.4653192,0.0,0,4.942564,0.0,0.35347098,110.63239233247316,5.4524474,333.61932,-9.2995806,110.63239233247316
2039,2039,155.378,13.334622,4.4918356,0.0,0,4.9219441,0.0,0.35552752,110.559291883162,5.4308257,333.57178,-9.2987614,110.559291883162
2040,2040,155.3782,13.360131,4.5167799,0.0,0,4.9013243,0.0,0.35739246,110.48004293712972,5.4082308,333.52423,-9.2987356,110.48004293712972
2041,2041,155.3784,13.373243,4.5321574,0.0,0,4.8807039,0.0,0.35974675,110.4090473580636,5.3846421,333.47672,-9.2991552,110.4090473580636
2042,2042,155.3786,13.386766,4.5588613,0.0,0,4.8600841,0.0,0.36194324,110.20878093039907,5.3613744,333.42917,-9.299592,110.20878093039907
2043,2043,155.3788,13.399556,4.5870352,0.0,0,4.8394642,0.0,0.36392939,109.98465637322099,5.3403339,333.33652,-9.2999935,109.98465637322099
2044,2044,155.379,13.423159,4.6017432,0.0,0,4.8188443,0.0,0.36628771,110.00610726720224,5.3162141,333.19882,-9.3003283,110.00610726720224
2045,2045,155.3792,13.457165,4.6252828,0.0,0,4.798224,0.0,0.3686015,110.00834743682074,5.2930055,333.0611,-9.3005543,110.00834743682074
2046,2046,155.3794,13.500341,4.6530333,0.0,0,4.7776041,0.0,0.37034613,110.03433057345663,5.2725387,332.92337,-9.3005705,110.03433057345663
2047,2047,155.3796,13.550257,4.6665959,0.0,0,4.7569842,0.0,0.37233898,110.28077031350182,5.2496953,332.78564,-9.3005276,110.28077031350182
2048,2048,155.3798,13.58889,4.6905584,0.0,0,4.7363639,0.0,0.37491688,110.31097273939957,5.2286234,332.64792,-9.2998381,110.31097273939957
2049,2049,155.38,13.610285,4.7208624,0.0,0,4.715744,0.0,0.37695566,110.1246253034173,5.2073588,332.51019,-9.2991037,110.1246253034173
2050,2050,155.3802,13.627867,4.7348475,0.0,0,4.6951241,0.0,0.37884751,110.10051180511317,5.1839461,332.3725,-9.2986488,110.10051180511317
2051,2051,155.3804,13.647268,4.7567749,0.0,0,4.6745043,0.0,0.38145283,109.99600951473478,5.1624937,332.23477,-9.2982807,109.99600951473478
2052,2052,155.3806,13.65864,4.7862554,0.0,0,4.6538844,0.0,0.38344821,109.73611743739946,5.1426191,332.09705,-9.298336,109.73611743739946
2053,2053,155.3808,13.678047,4.8007107,0.0,0,4.6332641,0.0,0.3851231,109.71940493822189,5.1203671,331.95932,-9.298687,109.71940493822189
2054,2054,155.381,13.71643,4.8221121,0.0,0,4.6126437,0.0,0.38788775,109.77098146445532,5.0982504,331.82159,-9.2987423,109.77098146445532
2055,2055,155.3812,13.758043,4.8526044,0.0,0,4.5920238,0.0,0.38995498,109.73767838388083,5.0747156,331.68387,-9.2986679,109.73767838388083
2056,2056,155.3814,13.797959,4.867177,0.0,0,4.571404,0.0,0.39142606,109.88046822326284,5.0521331,331.54617,-9.2989187,109.88046822326284
2057,2057,155.3816,13.834229,4.8871007,0.0,0,4.5507841,0.0,0.3943108,109.92859533180831,5.0316,331.40845,-9.2990932,109.92859533180831
2058,2058,155.3818,13.859744,4.9187312,0.0,0,4.5305758,0.0,0.39673769,109.7484619229427,5.0105844,331.27072,-9.2991142,109.7484619229427
2059,2059,155.382,13.879668,4.9367285,0.0,0,4.5108657,0.0,0.39828721,109.68804952229313,4.9896722,331.133,-9.2990322,109.68804952229313
2060,2060,155.3822,13.897667,4.9556313,0.0,0,4.4912457,0.0,0.40105984,109.60082484856592,4.9656215,330.99527,-9.2990179,109.60082484856592
2061,2061,155.3824,13.918731,4.9840398,0.0,0,4.4716296,0.0,0.40351924,109.42153648096273,4.9421487,330.85754,-9.2987471,109.42153648096273
2062,2062,155.3826,13.943447,5.0022488,0.0,0,4.4520135,0.0,0.40480086,109.39403861442416,4.9196129,330.71985,-9.2990437,109.39403861442416
2063,2063,155.3828,13.965414,5.0197291,0.0,0,4.4323978,0.0,0.40734193,109.35311033041332,4.8977733,330.58212,-9.2994871,109.35311033041332
2064,2064,155.383,13.994852,5.0469031,0.0,0,4.4127817,0.0,0.41003293,109.25135733167596,4.8766837,330.4444,-9.2992125,109.25135733167596
2065,2065,155.3832,14.035857,5.067492,0.0,0,4.3931656,0.0,0.41138682,109.31896625317482,4.8551917,330.30667,-9.2990484,109.31896625317482
2066,2066,155.3834,14.086184,5.084507,0.0,0,4.3735499,0.0,0.41376251,109.50151273994625,4.8344002,330.16895,-9.298954,109.50151273994625
2067,2067,155.3836,14.134053,5.1083035,0.0,0,4.3539338,0.0,0.41639787,109.57972149863569,4.8139119,330.03122,-9.2986698,109.57972149863569
2068,2068,155.3838,14.166578,5.1301508,0.0,0,4.3343177,0.0,0.41776314,109.56141072051965,4.7913637,329.89352,-9.2987299,109.56141072051965
2069,2069,155.384,14.185126,5.1489739,0.0,0,4.314702,0.0,0.42005554,109.4715053474228,4.7693543,329.7558,-9.2987299,109.4715053474228
2070,2070,155.3842,14.195683,5.171258,0.0,0,4.2950859,0.0,0.42283455,109.27649752790497,4.748168,329.61807,-9.2986088,109.27649752790497
2071,2071,155.3844,14.213331,5.1943502,0.0,0,4.2754698,0.0,0.42431304,109.12546891793471,4.7258554,329.48035,-9.298501,109.12546891793471
2072,2072,155.3846,14.234826,5.2140808,0.0,0,4.2558532,0.0,0.4264383,109.04499658348509,4.704217,329.34262,-9.2986164,109.04499658348509
2073,2073,155.3848,14.261034,5.2349844,0.0,0,4.2362375,0.0,0.4293094,108.98516780600715,4.6824756,329.2049,-9.2989902,108.98516780600715
2074,2074,155.385,14.296603,5.2599535,0.0,0,4.2166214,0.0,0.43109354,108.94491931621738,4.6601415,329.06717,-9.2996197,108.94491931621738
2075,2075,155.3852,14.333986,5.2804766,0.0,0,4.1970053,0.0,0.43311316,108.97259793392648,4.638515,328.92947,-9.299839,108.97259793392648
2076,2076,155.3854,14.375766,5.2981277,0.0,0,4.1773896,0.0,0.43579289,109.06836810595414,4.6188431,328.79175,-9.2992096,109.06836810595414
2077,2077,155.3856,14.406914,5.3233943,0.0,0,4.1577735,0.0,0.43774655,108.98640150546748,4.5986776,328.65402,-9.2989922,108.98640150546748
2078,2078,155.3858,14.432932,5.3450098,0.0,0,4.1381574,0.0,0.43969214,108.91042201988401,4.5793486,328.5163,-9.2990322,108.91042201988401
2079,2079,155.386,14.459109,5.3595209,0.0,0,4.1185417,0.0,0.44225121,108.92447117402207,4.5579033,328.37857,-9.2991924,108.92447117402207
2080,2080,155.3862,14.476885,5.3842916,0.0,0,4.0989256,0.0,0.44425079,108.74477353870653,4.5360746,328.24084,-9.2997112,108.74477353870653
2081,2081,155.3864,14.495157,5.4075823,0.0,0,4.0793095,0.0,0.44602644,108.58676138171815,4.5169644,328.10315,-9.2995806,108.58676138171815
2082,2082,155.3866,14.516703,5.4205098,0.0,0,4.0596938,0.0,0.44842494,108.58402904576364,4.4970865,327.96542,-9.2995987,108.58402904576364
2083,2083,155.3868,14.551303,5.4448647,0.0,0,4.0404716,0.0,0.45066559,108.53285022361541,4.4760036,327.8277,-9.3003511,108.53285022361541
2084,2084,155.387,14.58878,5.4708652,0.0,0,4.0217257,0.0,0.452553,108.4805712575951,4.4550905,327.68997,-9.3011084,108.4805712575951
2085,2085,155.3872,14.628588,5.4828477,0.0,0,4.0030656,0.0,0.45480147,108.62323837092035,4.4332995,327.55225,-9.3011265,108.62323837092035
2086,2086,155.3874,14.673254,5.5055194,0.0,0,3.9844093,0.0,0.45724797,108.6638698374742,4.4131999,327.41452,-9.2998905,108.6638698374742
2087,2087,155.3876,14.709411,5.5331225,0.0,0,3.9657533,0.0,0.45910561,108.57639870141286,4.3955522,327.27682,-9.2991142,108.57639870141286
2088,2088,155.3878,14.744245,5.5450664,0.0,0,3.9470973,0.0,0.46117893,108.67943980563987,4.3763113,327.1391,-9.2990131,108.67943980563987
2089,2089,155.388,14.771003,5.5671039,0.0,0,3.9284413,0.0,0.46390623,108.59184525732238,4.3551521,327.00137,-9.2989826,108.59184525732238
2090,2090,155.3882,14.781473,5.59552,0.0,0,3.9097853,0.0,0.46582839,108.30126152093686,4.331882,326.86365,-9.2986603,108.30126152093686
2091,2091,155.3884,14.792273,5.6070285,0.0,0,3.8911293,0.0,0.46762547,108.23141378341272,4.3083043,326.72592,-9.2986298,108.23141378341272
2092,2092,155.3886,14.813074,5.6270056,0.0,0,3.8724735,0.0,0.47033474,108.12463043986894,4.2892404,326.5882,-9.2992401,108.12463043986894
2093,2093,155.3888,14.855343,5.6550875,0.0,0,3.8538175,0.0,0.47232586,108.06805031585202,4.2713017,326.4541,-9.2994642,108.06805031585202
2094,2094,155.389,14.897719,5.6673126,0.0,0,3.8351612,0.0,0.47392944,108.21691240273987,4.2508378,326.32358,-9.2996035,108.21691240273987
2095,2095,155.3892,14.933197,5.6867352,0.0,0,3.8165054,0.0,0.47672167,108.22074650209218,4.2320499,326.19308,-9.2994862,108.22074650209218
2096,2096,155.3894,14.971296,5.7143745,0.0,0,3.7978494,0.0,0.4788096,108.1346220409443,4.2120223,326.06256,-9.2992783,108.1346220409443
2097,2097,155.3896,15.008009,5.7267299,0.0,0,3.7791932,0.0,0.48012608,108.23746176523774,4.1909852,325.93207,-9.299262,108.23746176523774
2098,2098,155.3898,15.036221,5.7437754,0.0,0,3.7605371,0.0,0.48285884,108.21654384853832,4.1723542,325.80157,-9.2990446,108.21654384853832
2099,2099,155.39,15.055437,5.7711086,0.0,0,3.7418811,0.0,0.48514307,107.99455193277652,4.1520834,325.67105,-9.2995253,107.99455193277652
2100,2100,155.3902,15.078564,5.7859783,0.0,0,3.7232254,0.0,0.48641184,107.96412743609757,4.1329322,325.54056,-9.2992983,107.96412743609757
2101,2101,155.3904,15.108071,5.8020015,0.0,0,3.7045693,0.0,0.48907685,107.96343039252302,4.1134057,325.41003,-9.2986803,107.96343039252302
2102,2102,155.3906,15.138283,5.8279576,0.0,0,3.6859133,0.0,0.49157712,107.83524695910475,4.0926347,325.27954,-9.2988968,107.83524695910475
2103,2103,155.3908,15.169834,5.8450656,0.0,0,3.6672573,0.0,0.49284551,107.83272022383701,4.0739756,325.14902,-9.2989063,107.83272022383701
2104,2104,155.391,15.20761,5.8610253,0.0,0,3.6486013,0.0,0.49546212,107.88868663421489,4.0540786,325.01852,-9.2989073,107.88868663421489
2105,2105,155.3912,15.244363,5.8858314,0.0,0,3.6299453,0.0,0.4981823,107.81822784761441,4.0344787,324.888,-9.2989826,107.81822784761441
2106,2106,155.3914,15.286656,5.9056687,0.0,0,3.6112893,0.0,0.49947435,107.8517412871447,4.0148668,324.75751,-9.2990255,107.8517412871447
2107,2107,155.3916,15.329807,5.9210601,0.0,0,3.5926332,0.0,0.50187719,107.9495086974934,3.9953015,324.62701,-9.2990274,107.9495086974934
2108,2108,155.3918,15.365688,5.9416599,0.0,0,3.5743496,0.0,0.50446808,107.92489955280641,3.9754479,324.49649,-9.2992849,107.92489955280641
2109,2109,155.392,15.387864,5.9613662,0.0,0,3.5565166,0.0,0.50567329,107.81500980159369,3.9574771,324.366,-9.2998304,107.81500980159369
2110,2110,155.3922,15.400765,5.9775362,0.0,0,3.538765,0.0,0.50796753,107.68722797176396,3.9390416,324.23547,-9.2993078,107.68722797176396
2111,2111,155.3924,15.424809,5.9971714,0.0,0,3.5210168,0.0,0.51072413,107.58999679818511,3.9178727,324.10498,-9.2986231,107.58999679818511
2112,2112,155.3926,15.456581,6.0186801,0.0,0,3.5032687,0.0,0.51213527,107.52031976604923,3.8991838,323.97446,-9.2985764,107.52031976604923
2113,2113,155.3928,15.484628,6.0357661,0.0,0,3.4855206,0.0,0.51419485,107.48359452122767,3.8815224,323.84396,-9.2983294,107.48359452122767
2114,2114,155.393,15.520221,6.0529122,0.0,0,3.4677727,0.0,0.5169518,107.49746602145468,3.8618727,323.71344,-9.2982655,107.49746602145468
2115,2115,155.3932,15.561644,6.0757651,0.0,0,3.4500248,0.0,0.51855779,107.47272060931144,3.8428316,323.58295,-9.2983608,107.47272060931144
2116,2116,155.3934,15.601207,6.094552,0.0,0,3.432277,0.0,0.52052432,107.48908159484408,3.8235867,323.45245,-9.298687,107.48908159484408
2117,2117,155.3936,15.644235,6.109478,0.0,0,3.4145288,0.0,0.52332991,107.58088048943446,3.804394,323.32193,-9.2989693,107.58088048943446
2118,2118,155.3938,15.67928,6.1324744,0.0,0,3.3967807,0.0,0.52523303,107.50583906326796,3.7865307,323.19144,-9.2995148,107.50583906326796
2119,2119,155.394,15.704908,6.1524725,0.0,0,3.3790326,0.0,0.52707326,107.40626070865578,3.7678261,323.06091,-9.2994566,107.40626070865578
2120,2120,155.3942,15.729889,6.1655493,0.0,0,3.3612847,0.0,0.52963477,107.39679277821998,3.748961,322.93042,-9.2989426,107.39679277821998
2121,2121,155.3944,15.755421,6.1884117,0.0,0,3.3435369,0.0,0.53174001,107.2553393224623,3.7324982,322.7999,-9.2989035,107.2553393224623
2122,2122,155.3946,15.782007,6.2104144,0.0,0,3.3257887,0.0,0.53344232,107.1318894031759,3.7143695,322.6694,-9.2985296,107.1318894031759
2123,2123,155.3948,15.819256,6.2215466,0.0,0,3.3080409,0.0,0.53578651,107.23034488680901,3.6934524,322.53891,-9.2985897,107.23034488680901
2124,2124,155.395,15.865898,6.2426419,0.0,0,3.2902927,0.0,0.53799897,107.25304526554274,3.6742685,322.40839,-9.2986965,107.25304526554274
2125,2125,155.3952,15.910109,6.2657266,0.0,0,3.2725446,0.0,0.53956282,107.22985745834902,3.6564522,322.27789,-9.298645,107.22985745834902
2126,2126,155.3954,15.956175,6.2757754,0.0,0,3.2547965,0.0,0.54174179,107.39972665543334,3.6386275,322.14737,-9.2986803,107.39972665543334
2127,2127,155.3956,15.996084,6.2965317,0.0,0,3.2370486,0.0,0.54423833,107.37718742772593,3.6206343,322.01688,-9.2986841,107.37718742772593
2128,2128,155.3958,16.027884,6.3227782,0.0,0,3.2193007,0.0,0.54602277,107.2217143177094,3.6016009,321.88635,-9.2989092,107.2217143177094
2129,2129,155.396,16.056276,6.3330879,0.0,0,3.2015526,0.0,0.54814333,107.26646351003191,3.5816867,321.75586,-9.2989721,107.26646351003191
2130,2130,155.3962,16.086628,6.3527031,0.0,0,3.1838048,0.0,0.55093849,107.1924716642362,3.5644572,321.62534,-9.2995138,107.1924716642362
2131,2131,155.3964,16.116499,6.3793349,0.0,0,3.1660566,0.0,0.5527848,107.01502582375947,3.5472233,321.49484,-9.299489,107.01502582375947
2132,2132,155.3966,16.144196,6.3887472,0.0,0,3.1483088,0.0,0.55445945,107.06563992278495,3.5280912,321.36435,-9.2989254,107.06563992278495
2133,2133,155.3968,16.180073,6.407104,0.0,0,3.1309152,0.0,0.55728996,107.04301308975923,3.5100613,321.23383,-9.2986107,107.04301308975923
2134,2134,155.397,16.22463,6.4347997,0.0,0,3.11395,0.0,0.55931878,106.94356517455229,3.4919317,321.10333,-9.2982264,106.94356517455229
2135,2135,155.3972,16.274866,6.445446,0.0,0,3.0970623,0.0,0.56089872,107.12267286562977,3.4736822,320.97281,-9.2984715,107.12267286562977
2136,2136,155.3974,16.323322,6.4617128,0.0,0,3.0801783,0.0,0.56374264,107.20863806806824,3.4562523,320.84232,-9.2985172,107.20863806806824
2137,2137,155.3976,16.364223,6.4881454,0.0,0,3.0632944,0.0,0.56576598,107.09772080629423,3.438653,320.71179,-9.298336,107.09772080629423
2138,2138,155.3978,16.39889,6.5007281,0.0,0,3.0464106,0.0,0.56720364,107.14353351520417,3.4192791,320.5813,-9.2986641,107.14353351520417
2139,2139,155.398,16.421707,6.5170083,0.0,0,3.0295265,0.0,0.57019788,107.0579953528651,3.4013269,320.45078,-9.2989712,107.0579953528651
2140,2140,155.3982,16.444641,6.5441842,0.0,0,3.0126424,0.0,0.57264704,106.81530143058447,3.3851559,320.32028,-9.2989388,106.81530143058447
2141,2141,155.3984,16.48107,6.5591836,0.0,0,2.9957583,0.0,0.57398534,106.83495598867115,3.3660588,320.18979,-9.2989397,106.83495598867115
2142,2142,155.3986,16.516321,6.5728416,0.0,0,2.9788744,0.0,0.57670063,106.86546678297843,3.3470736,320.05927,-9.2989359,106.86546678297843
2143,2143,155.3988,16.554806,6.5964613,0.0,0,2.9619906,0.0,0.579153,106.77124981783886,3.3279808,319.8793,-9.2986498,106.77124981783886
2144,2144,155.399,16.60457,6.6118846,0.0,0,2.9451065,0.0,0.58017355,106.86739671079302,3.3081083,319.64987,-9.2980976,106.86739671079302
2145,2145,155.3992,16.654881,6.625176,0.0,0,2.9282222,0.0,0.58272439,106.99686892489773,3.2892148,319.42044,-9.2980556,106.99686892489773
2146,2146,155.3994,16.702253,6.6474009,0.0,0,2.9113381,0.0,0.58545423,106.97531558088536,3.271745,319.19098,-9.2982988,106.97531558088536
2147,2147,155.3996,16.75071,6.6646781,0.0,0,2.8944542,0.0,0.58650583,107.03158527065446,3.255631,318.96155,-9.2983332,107.03158527065446
2148,2148,155.3998,16.793617,6.6781878,0.0,0,2.8775704,0.0,0.58889872,107.10654585114548,3.2380526,318.73212,-9.2983561,107.10654585114548
2149,2149,155.4,16.821007,6.6990104,0.0,0,2.8606863,0.0,0.59184533,106.97368630038798,3.2186007,318.50269,-9.2985563,106.97368630038798
2150,2150,155.4002,16.842947,6.719183,0.0,0,2.8438022,0.0,0.59316581,106.8148588377401,3.2005625,318.27325,-9.2989092,106.8148588377401
2151,2151,155.4004,16.874989,6.7345901,0.0,0,2.8269184,0.0,0.5955531,106.78974367875819,3.1826749,318.04382,-9.2990017,106.78974367875819
2152,2152,155.4006,16.908846,6.7533393,0.0,0,2.810034,0.0,0.59853095,106.72558121666547,3.1675386,317.81439,-9.2989902,106.72558121666547
2153,2153,155.4008,16.947269,6.7744403,0.0,0,2.7931502,0.0,0.59996581,106.65402558306577,3.1510677,317.58496,-9.2987204,106.65402558306577
2154,2154,155.401,16.999405,6.7900281,0.0,0,2.7762663,0.0,0.60204619,106.74939070571506,3.1315799,317.3555,-9.2986279,106.74939070571506
2155,2155,155.4012,17.057444,6.8050747,0.0,0,2.7593822,0.0,0.60480642,106.88841306622803,3.1151087,317.12607,-9.2987871,106.88841306622803
2156,2156,155.4014,17.115332,6.8266115,0.0,0,2.7424984,0.0,0.60634571,106.92736720516507,3.0970392,316.89664,-9.2984715,106.92736720516507
2157,2157,155.4016,17.16073,6.8428783,0.0,0,2.7256143,0.0,0.60825282,106.96576344775775,3.0772452,316.66721,-9.2982101,106.96576344775775
2158,2158,155.4018,17.191942,6.854495,0.0,0,2.7090683,0.0,0.61103457,106.98486223574284,3.0598712,316.43777,-9.2981672,106.98486223574284
2159,2159,155.402,17.214445,6.8770394,0.0,0,2.6929309,0.0,0.61285532,106.78393760146983,3.0421247,316.20834,-9.2979851,106.78393760146983
2160,2160,155.4022,17.236057,6.8963366,0.0,0,2.6768677,0.0,0.61460155,106.6257646880043,3.0234032,315.97891,-9.2980518,106.6257646880043
2161,2161,155.4024,17.275969,6.906002,0.0,0,2.6608074,0.0,0.61720014,106.72595050067963,3.0062704,315.74948,-9.2982159,106.72595050067963
2162,2162,155.4026,17.324381,6.9271941,0.0,0,2.6447473,0.0,0.61928993,106.70241852815383,2.9910581,315.52005,-9.2985563,106.70241852815383
2163,2163,155.4028,17.372812,6.9482317,0.0,0,2.6286874,0.0,0.62101239,106.67953699105773,2.9729724,315.29059,-9.2986507,106.67953699105773
2164,2164,155.403,17.433531,6.9577346,0.0,0,2.6126273,0.0,0.62345147,106.90679718724479,2.9543869,315.06116,-9.2984161,106.90679718724479
2165,2165,155.4032,17.495111,6.9791346,0.0,0,2.5965672,0.0,0.62585551,106.9553838880255,2.9385262,314.83173,-9.2986889,106.9553838880255
2166,2166,155.4034,17.54875,7.0029635,0.0,0,2.5805073,0.0,0.62767678,106.91576985785028,2.9219029,314.60229,-9.2986183,106.91576985785028
2167,2167,155.4036,17.584597,7.0116396,0.0,0,2.5644474,0.0,0.62993997,107.00006863273296,2.9037111,314.37286,-9.2976418,107.00006863273296
2168,2168,155.4038,17.611494,7.0307865,0.0,0,2.5483873,0.0,0.63250637,106.86733027919216,2.8849568,314.14343,-9.2968979,106.86733027919216
2169,2169,155.404,17.652279,7.0557523,0.0,0,2.5323272,0.0,0.63432002,106.72741043928843,2.8689501,313.914,-9.2968636,106.72741043928843
2170,2170,155.4042,17.692129,7.0640726,0.0,0,2.5162673,0.0,0.63634616,106.83893940657227,2.8539729,313.68457,-9.2975616,106.83893940657227
2171,2171,155.4044,17.73774,7.0824518,0.0,0,2.5002072,0.0,0.63919032,106.82776810876206,2.8390038,313.45511,-9.2981958,106.82776810876206
2172,2172,155.4046,17.789227,7.1090355,0.0,0,2.4841473,0.0,0.64117783,106.72207406961218,2.8222916,313.22568,-9.2980719,106.72207406961218
2173,2173,155.4048,17.833265,7.11689,0.0,0,2.4680872,0.0,0.64280814,106.86311036275393,2.8042059,312.99625,-9.2978039,106.86311036275393
2174,2174,155.405,17.887703,7.1324859,0.0,0,2.4520273,0.0,0.64563918,106.9440218106899,2.7860606,312.76682,-9.297677,106.9440218106899
2175,2175,155.4052,17.947962,7.1590629,0.0,0,2.4359674,0.0,0.64774162,106.88483571330187,2.7685137,312.53738,-9.2979393,106.88483571330187
2176,2176,155.4054,17.996161,7.1694236,0.0,0,2.4199073,0.0,0.64922911,107.00790644118786,2.7514412,312.30795,-9.2982178,107.00790644118786
2177,2177,155.4056,18.033636,7.1844311,0.0,0,2.4038472,0.0,0.65225714,106.99272762039098,2.7339118,312.07852,-9.2979527,106.99272762039098
2178,2178,155.4058,18.069876,7.2101197,0.0,0,2.3877873,0.0,0.65454036,106.79948518857559,2.7172649,311.84909,-9.2979202,106.79948518857559
2179,2179,155.406,18.099159,7.2210426,0.0,0,2.3717272,0.0,0.65576899,106.79867603784544,2.7008929,311.61963,-9.2981176,106.79867603784544
2180,2180,155.4062,18.132664,7.234139,0.0,0,2.3556671,0.0,0.65862405,106.78750450705364,2.6853552,311.3902,-9.2976112,106.78750450705364
2181,2181,155.4064,18.178486,7.2585254,0.0,0,2.3396072,0.0,0.66103202,106.66741271293368,2.6673853,311.16077,-9.2976618,106.66741271293368
2182,2182,155.4066,18.230543,7.2710638,0.0,0,2.3235474,0.0,0.66205138,106.77179185463386,2.6488342,310.93134,-9.298274,106.77179185463386
2183,2183,155.4068,18.293335,7.2838187,0.0,0,2.3078089,0.0,0.66487294,106.93428418206842,2.6330812,310.7019,-9.2984972,106.93428418206842
2184,2184,155.407,18.355871,7.3079405,0.0,0,2.2924595,0.0,0.66768533,106.91029769762544,2.6172495,310.47247,-9.298439,106.91029769762544
2185,2185,155.4072,18.410078,7.3229365,0.0,0,2.2771804,0.0,0.66873616,106.98311554272419,2.6012104,310.24304,-9.2979784,106.98311554272419
2186,2186,155.4074,18.448959,7.3345833,0.0,0,2.2619042,0.0,0.67133749,107.01999986254863,2.5827277,310.01361,-9.2978535,107.01999986254863
2187,2187,155.4076,18.480598,7.3555541,0.0,0,2.246628,0.0,0.67412961,106.86252168080222,2.564389,309.78418,-9.297574,106.86252168080222
2188,2188,155.4078,18.520248,7.3720222,0.0,0,2.2313523,0.0,0.67516512,106.82341170938508,2.5484123,309.55472,-9.2972078,106.82341170938508
2189,2189,155.408,18.568743,7.3841949,0.0,0,2.2160764,0.0,0.67758417,106.90421864105659,2.5305622,309.32529,-9.2972469,106.90421864105659
2190,2190,155.4082,18.616026,7.4039521,0.0,0,2.2008004,0.0,0.68057632,106.85275493670821,2.5139976,309.09586,-9.29706,106.85275493670821
2191,2191,155.4084,18.661201,7.4226117,0.0,0,2.1855242,0.0,0.68181831,106.8055909960837,2.4984539,308.86642,-9.2969141,106.8055909960837
2192,2192,155.4086,18.710415,7.4366922,0.0,0,2.1702483,0.0,0.68420535,106.85538607794741,2.4823475,308.63699,-9.2974758,106.85538607794741
2193,2193,155.4088,18.765799,7.4541831,0.0,0,2.1549723,0.0,0.68737209,106.88277893733971,2.4654908,308.57382,-9.298131,106.88277893733971
2194,2194,155.409,18.824783,7.4742832,0.0,0,2.1396964,0.0,0.68881553,106.88566256031683,2.4481802,308.67691,-9.2982121,106.88566256031683
2195,2195,155.4092,18.878803,7.4893823,0.0,0,2.1244202,0.0,0.69102675,106.94145397192685,2.4328406,308.77997,-9.2984629,106.94145397192685
2196,2196,155.4094,18.932652,7.5031266,0.0,0,2.1091442,0.0,0.69413441,107.01741200774583,2.4166305,308.88306,-9.2984962,107.01741200774583
2197,2197,155.4096,18.983519,7.5239382,0.0,0,2.0938683,0.0,0.69576418,106.95712083315232,2.399771,308.98611,-9.2979527,106.95712083315232
2198,2198,155.4098,19.027527,7.5398021,0.0,0,2.0785923,0.0,0.69755185,106.93931217958246,2.3822889,309.0892,-9.2981739,106.93931217958246
2199,2199,155.41,19.068459,7.5497084,0.0,0,2.0633163,0.0,0.70025599,107.00304155426801,2.3653607,309.19229,-9.2983952,107.00304155426801
2200,2200,155.4102,19.108616,7.5694718,0.0,0,2.0480404,0.0,0.70194995,106.89585835238331,2.3493211,309.29535,-9.2974224,106.89585835238331
2201,2201,155.4104,19.153824,7.586719,0.0,0,2.0327644,0.0,0.70358515,106.85786460533728,2.3326583,309.39844,-9.2969799,106.85786460533728
2202,2202,155.4106,19.210651,7.5957761,0.0,0,2.0174885,0.0,0.70634127,107.0216812261821,2.3154907,309.50153,-9.2969961,107.0216812261821
2203,2203,155.4108,19.269325,7.6176548,0.0,0,2.0022123,0.0,0.7085644,106.97728511740554,2.3008835,309.60458,-9.297266,106.97728511740554
2204,2204,155.411,19.33342,7.6389194,0.0,0,1.9869361,0.0,0.71033615,106.97105040883535,2.2856357,309.70767,-9.2978649,106.97105040883535
2205,2205,155.4112,19.394508,7.6464601,0.0,0,1.9716601,0.0,0.71283746,107.18024170193202,2.2694764,309.81076,-9.2974062,107.18024170193202
2206,2206,155.4114,19.44445,7.6657629,0.0,0,1.9563841,0.0,0.71533453,107.1256541745957,2.2530749,309.91382,-9.2974968,107.1256541745957
2207,2207,155.4116,19.487141,7.6894054,0.0,0,1.9411081,0.0,0.7172547,106.95503101621416,2.2354479,310.01691,-9.2977695,106.95503101621416
2208,2208,155.4118,19.523636,7.6976891,0.0,0,1.9261373,0.0,0.71963876,107.01287123139277,2.2201865,310.11996,-9.2978077,107.01287123139277
2209,2209,155.412,19.563211,7.7156596,0.0,0,1.9115355,0.0,0.722413,106.92009546958221,2.2068613,310.22305,-9.2983131,106.92009546958221
2210,2210,155.4122,19.607252,7.7390366,0.0,0,1.8970004,0.0,0.7241593,106.75699605737258,2.1905887,310.32614,-9.2983122,106.75699605737258
2211,2211,155.4124,19.659235,7.745141,0.0,0,1.8824685,0.0,0.72599506,106.93430366936519,2.1749551,310.4292,-9.2976923,106.93430366936519
2212,2212,155.4126,19.718729,7.7599859,0.0,0,1.8679364,0.0,0.72872561,107.00001555161752,2.1584723,310.53229,-9.2972012,107.00001555161752
2213,2213,155.4128,19.783033,7.7839589,0.0,0,1.8534043,0.0,0.73047382,106.93108500551367,2.141324,310.63538,-9.2970152,106.93108500551367
2214,2214,155.413,19.842327,7.7906027,0.0,0,1.8388724,0.0,0.73202169,107.13542234804207,2.1275396,310.73843,-9.2967148,107.13542234804207
2215,2215,155.4132,19.896124,7.8049712,0.0,0,1.8243403,0.0,0.73508471,107.17398702823624,2.1113904,310.84152,-9.2959728,107.17398702823624
2216,2216,155.4134,19.947683,7.8300352,0.0,0,1.8098084,0.0,0.73715752,107.01114027199043,2.0949285,310.94461,-9.2956638,107.01114027199043
2217,2217,155.4136,19.989534,7.8383055,0.0,0,1.7952764,0.0,0.73843676,107.08996487001073,2.0806139,311.04767,-9.2970171,107.08996487001073
2218,2218,155.4138,20.035231,7.8515983,0.0,0,1.7807443,0.0,0.74146932,107.10006973226045,2.0636063,311.15076,-9.2980366,107.10006973226045
2219,2219,155.414,20.083956,7.8757176,0.0,0,1.7662123,0.0,0.74372739,106.93360493622971,2.0452566,311.25385,-9.2980576,106.93360493622971
2220,2220,155.4142,20.13031,7.8858404,0.0,0,1.7516804,0.0,0.74501503,107.0008054259457,2.029984,311.3569,-9.2981348,107.0008054259457
2221,2221,155.4144,20.183193,7.8981905,0.0,0,1.7371484,0.0,0.74815768,107.06219576047197,2.0155904,311.45999,-9.2981501,107.06219576047197
2222,2222,155.4146,20.24332,7.9229813,0.0,0,1.7226164,0.0,0.75083053,106.93878178380697,2.0008492,311.56305,-9.2974882,106.93878178380697
2223,2223,155.4148,20.31422,7.935667,0.0,0,1.7080843,0.0,0.75187904,107.08615804330647,1.9844904,311.66614,-9.2962618,107.08615804330647
2224,2224,155.415,20.383091,7.9458451,0.0,0,1.6935524,0.0,0.75465739,107.26632548682261,1.9695709,311.76923,-9.2959156,107.26632548682261
2225,2225,155.4152,20.440792,7.967279,0.0,0,1.6790204,0.0,0.75733066,107.18373445302463,1.954181,311.87228,-9.2958403,107.18373445302463
2226,2226,155.4154,20.496138,7.9808044,0.0,0,1.6644883,0.0,0.75814921,107.22954463464885,1.9366304,311.97537,-9.2961226,107.22954463464885
2227,2227,155.4156,20.545795,7.9911013,0.0,0,1.6499563,0.0,0.76081157,107.30281318410938,1.9217697,312.07846,-9.2970161,107.30281318410938
2228,2228,155.4158,20.594322,8.0106888,0.0,0,1.6354244,0.0,0.76375753,107.20058241288572,1.909179,312.18152,-9.2969856,107.20058241288572
2229,2229,155.416,20.645353,8.0261955,0.0,0,1.6208923,0.0,0.76472378,107.1839344252111,1.8941395,312.28461,-9.2966843,107.1839344252111
2230,2230,155.4162,20.691137,8.0374117,0.0,0,1.6063604,0.0,0.76726997,107.21699090691232,1.8785838,312.3877,-9.2961273,107.21699090691232
2231,2231,155.4164,20.745697,8.0548754,0.0,0,1.5918283,0.0,0.77036065,107.18023098476674,1.862902,312.49075,-9.2959776,107.18023098476674
2232,2232,155.4166,20.807713,8.071743,0.0,0,1.5772964,0.0,0.77140927,107.19111848312515,1.8470143,312.59384,-9.2964287,107.19111848312515
2233,2233,155.4168,20.873987,8.083622,0.0,0,1.5630548,0.0,0.7737267,107.3138532626028,1.830716,312.6969,-9.2965002,107.3138532626028
2234,2234,155.417,20.944115,8.098279,0.0,0,1.5491644,0.0,0.77688122,107.40365123387032,1.8164486,312.79999,-9.2960491,107.40365123387032
2235,2235,155.4172,21.01005,8.117321,0.0,0,1.5353373,0.0,0.77813423,107.3889199504044,1.8015951,312.90308,-9.2961092,107.3889199504044
2236,2236,155.4174,21.069689,8.1307926,0.0,0,1.5215132,0.0,0.78013891,107.44340113646786,1.7875166,313.00613,-9.2964592,107.44340113646786
2237,2237,155.4176,21.121798,8.1417713,0.0,0,1.5076892,0.0,0.78322864,107.50459059469053,1.7742919,313.10922,-9.2964678,107.50459059469053
2238,2238,155.4178,21.169815,8.1616764,0.0,0,1.4938653,0.0,0.78482449,107.37728713829192,1.7581758,313.21231,-9.2962542,107.37728713829192
2239,2239,155.418,21.211546,8.1768026,0.0,0,1.4800413,0.0,0.78666872,107.3059247773162,1.7430874,313.31537,-9.2961731,107.3059247773162
2240,2240,155.4182,21.25807,8.1853781,0.0,0,1.4662173,0.0,0.78958017,107.38046700238466,1.7285315,313.41846,-9.2962227,107.38046700238466
2241,2241,155.4184,21.316675,8.2053785,0.0,0,1.4523933,0.0,0.79145461,107.30038273753567,1.7133707,313.52155,-9.2961531,107.30038273753567
2242,2242,155.4186,21.383205,8.222167,0.0,0,1.4385693,0.0,0.79308569,107.31855529664061,1.6988813,313.6246,-9.2964935,107.31855529664061
2243,2243,155.4188,21.466492,8.2293196,0.0,0,1.4247453,0.0,0.79579908,107.60109419158775,1.6867099,313.83047,-9.2966433,107.60109419158775
2244,2244,155.419,21.547108,8.2488289,0.0,0,1.4109213,0.0,0.79804999,107.63429279245698,1.673007,314.13916,-9.296608,107.63429279245698
2245,2245,155.4192,21.613348,8.2676983,0.0,0,1.3970973,0.0,0.79962891,107.60533461679366,1.657537,314.44785,-9.2968969,107.60533461679366
2246,2246,155.4194,21.675844,8.2729397,0.0,0,1.3832734,0.0,0.80210078,107.81623253564985,1.6424737,314.7565,-9.2976398,107.81623253564985
2247,2247,155.4196,21.725311,8.2907209,0.0,0,1.3694494,0.0,0.80462766,107.72140966867127,1.6286541,315.06519,-9.2980995,107.72140966867127
2248,2248,155.4198,21.769255,8.3118029,0.0,0,1.3556253,0.0,0.80622101,107.53430923769211,1.6156923,315.37384,-9.2977753,107.53430923769211
2249,2249,155.42,21.823795,8.3162327,0.0,0,1.3418013,0.0,0.80828154,107.71840877146518,1.6015347,315.68253,-9.2968626,107.71840877146518
2250,2250,155.4202,21.883928,8.3322992,0.0,0,1.3279774,0.0,0.81101578,107.70492886800425,1.5849015,315.99121,-9.2957363,107.70492886800425
2251,2251,155.4204,21.946598,8.3556967,0.0,0,1.3141534,0.0,0.81279022,107.56018406495888,1.5702448,316.29987,-9.2959394,107.56018406495888
2252,2252,155.4206,22.020201,8.3616371,0.0,0,1.3003293,0.0,0.81473327,107.8054625582575,1.5571669,316.60855,-9.2966366,107.8054625582575
2253,2253,155.4208,22.106281,8.3771181,0.0,0,1.2865053,0.0,0.81795865,107.9248367448885,1.5424109,316.91721,-9.2966003,107.9248367448885
2254,2254,155.421,22.186573,8.4009171,0.0,0,1.2726814,0.0,0.81988859,107.85077292096763,1.5283859,317.22589,-9.2966776,107.85077292096763
2255,2255,155.4212,22.255777,8.4063005,0.0,0,1.2588574,0.0,0.82131332,108.08142317641978,1.512779,317.53458,-9.2968454,108.08142317641978
2256,2256,155.4214,22.30932,8.4190922,0.0,0,1.2450334,0.0,0.82443821,108.08954410057787,1.4968871,317.84323,-9.2968597,108.08954410057787
2257,2257,155.4216,22.357359,8.4421787,0.0,0,1.2312094,0.0,0.82639235,107.86666218339154,1.4837654,318.15192,-9.2968893,107.86666218339154
2258,2258,155.4218,22.412306,8.4490166,0.0,0,1.2176627,0.0,0.82752311,107.99647386840442,1.4690971,318.46057,-9.2968798,107.99647386840442
2259,2259,155.422,22.471251,8.4604759,0.0,0,1.2044513,0.0,0.83075333,108.05318204357388,1.4534848,318.76926,-9.2966757,108.05318204357388
2260,2260,155.4222,22.541872,8.4847879,0.0,0,1.1913006,0.0,0.83314502,107.90893314607234,1.4408987,319.07794,-9.2966461,107.90893314607234
2261,2261,155.4224,22.619144,8.493763,0.0,0,1.1781524,0.0,0.83414519,108.09960537611836,1.4262638,319.3866,-9.2962341,108.09960537611836
2262,2262,155.4226,22.698467,8.5035028,0.0,0,1.1650045,0.0,0.83725667,108.28350963450465,1.4092336,319.69528,-9.2954025,108.28350963450465
2263,2263,155.4228,22.778797,8.5272522,0.0,0,1.1518564,0.0,0.8399902,108.18907304940372,1.3957857,320.00394,-9.2950516,108.18907304940372
2264,2264,155.423,22.861156,8.5392828,0.0,0,1.1387084,0.0,0.84089577,108.33739417279737,1.3829491,320.31262,-9.2951117,108.33739417279737
2265,2265,155.4232,22.925819,8.5484505,0.0,0,1.1255604,0.0,0.84396499,108.45824203976255,1.3697706,320.62131,-9.2956505,108.45824203976255
2266,2266,155.4234,22.986305,8.5692635,0.0,0,1.1124125,0.0,0.84702361,108.32193838020898,1.354113,320.92996,-9.2958622,108.32193838020898
2267,2267,155.4236,23.050098,8.5825977,0.0,0,1.0992644,0.0,0.84770727,108.35114630651282,1.3388357,321.23865,-9.295805,108.35114630651282
2268,2268,155.4238,23.106852,8.5915165,0.0,0,1.0861164,0.0,0.85031575,108.43593738901085,1.3230705,321.5473,-9.2958174,108.43593738901085
2269,2269,155.424,23.1658,8.6097345,0.0,0,1.0729684,0.0,0.85338998,108.33986373855382,1.3092707,321.85599,-9.2958345,108.33986373855382
2270,2270,155.4242,23.231035,8.6236496,0.0,0,1.0598203,0.0,0.85421342,108.35946092860917,1.2971849,322.16467,-9.2958174,108.35946092860917
2271,2271,155.4244,23.306166,8.6324148,0.0,0,1.0466723,0.0,0.85654837,108.5294869435104,1.2821302,322.47333,-9.2953386,108.5294869435104
2272,2272,155.4246,23.388901,8.6473103,0.0,0,1.0335244,0.0,0.85957015,108.60706207394573,1.2681223,322.78201,-9.2951212,108.60706207394573
2273,2273,155.4248,23.473099,8.6632175,0.0,0,1.0203763,0.0,0.86054868,108.66824920674193,1.2545018,323.09067,-9.2950907,108.66824920674193
2274,2274,155.425,23.554024,8.6734324,0.0,0,1.0072284,0.0,0.86275178,108.83037779196111,1.2409008,323.39935,-9.2950087,108.83037779196111
2275,2275,155.4252,23.624323,8.6863337,0.0,0,0.99408036,0.0,0.8660416,108.8859830715383,1.2268815,323.70804,-9.2946701,108.8859830715383
2276,2276,155.4254,23.684175,8.7054186,0.0,0,0.98093235,0.0,0.8674646,108.76258174084252,1.2126045,324.01669,-9.2944584,108.76258174084252
2277,2277,155.4256,23.743843,8.7183685,0.0,0,0.96778435,0.0,0.86947954,108.76498089183863,1.1973881,324.32538,-9.2947121,108.76498089183863
2278,2278,155.4258,23.803156,8.7291775,0.0,0,0.95463634,0.0,0.87278235,108.8094019952846,1.1839637,324.63403,-9.2954369,108.8094019952846
2279,2279,155.426,23.874361,8.7487564,0.0,0,0.94148839,0.0,0.87452424,108.72197059457133,1.1721826,324.94272,-9.2952204,108.72197059457133
2280,2280,155.4262,23.952671,8.7625189,0.0,0,0.92834044,0.0,0.87626547,108.78737065513369,1.1562055,325.2514,-9.2947121,108.78737065513369
2281,2281,155.4264,24.030979,8.7694855,0.0,0,0.91519243,0.0,0.87926608,108.99512716492985,1.14059,325.56006,-9.2951803,108.99512716492985
2282,2282,155.4266,24.115833,8.7884827,0.0,0,0.90204442,0.0,0.88122213,108.97524904545635,1.127522,325.86874,-9.2952089,108.97524904545635
2283,2283,155.4268,24.201405,8.803504,0.0,0,0.88916051,0.0,0.8827073,109.04075273563522,1.1144485,326.1774,-9.2950563,109.04075273563522
2284,2284,155.427,24.274147,8.8075399,0.0,0,0.87659609,0.0,0.88533211,109.28194027072433,1.1016883,326.48608,-9.2951021,109.28194027072433
2285,2285,155.4272,24.339722,8.8254147,0.0,0,0.86408949,0.0,0.88750058,109.1927641769927,1.0888622,326.79477,-9.2943974,109.1927641769927
2286,2286,155.4274,24.404079,8.844265,0.0,0,0.85158539,0.0,0.88892674,109.0750239255887,1.0763724,327.10342,-9.294363,109.0750239255887
2287,2287,155.4276,24.464502,8.848321,0.0,0,0.83908135,0.0,0.89136308,109.2574112732713,1.0641881,327.41211,-9.2949114,109.2574112732713
2288,2288,155.4278,24.5242,8.8642235,0.0,0,0.82657731,0.0,0.89400935,109.17942141499351,1.0495564,327.72076,-9.2944422,109.17942141499351
2289,2289,155.428,24.5961,8.884409,0.0,0,0.81407332,0.0,0.89557111,109.06080735971913,1.035787,328.02945,-9.2942553,109.06080735971913
2290,2290,155.4282,24.68215,8.8883047,0.0,0,0.8015694,0.0,0.89767623,109.35739284149655,1.0232382,328.33813,-9.2939939,109.35739284149655
2291,2291,155.4284,24.762566,8.9036198,0.0,0,0.78906536,0.0,0.90063334,109.37856592619598,1.0090218,328.64679,-9.2935839,109.37856592619598
2292,2292,155.4286,24.845797,8.9254141,0.0,0,0.77656138,0.0,0.90230769,109.26769020390165,0.99520504,328.95547,-9.2938795,109.26769020390165
2293,2293,155.4288,24.930958,8.9285526,0.0,0,0.7640574,0.0,0.90396065,109.57306764827449,0.98172408,329.15976,-9.2945127,109.57306764827449
2294,2294,155.429,25.004406,8.9407721,0.0,0,0.75155336,0.0,0.90703183,109.62586295138215,0.96963394,329.25961,-9.2942772,109.62586295138215
2295,2295,155.4292,25.0763,8.9630318,0.0,0,0.73904938,0.0,0.90889114,109.44776589315097,0.95539188,329.3595,-9.2942839,109.44776589315097
2296,2296,155.4294,25.147011,8.9674568,0.0,0,0.72654539,0.0,0.91022372,109.65804887243323,0.94189668,329.45938,-9.2942667,109.65804887243323
2297,2297,155.4296,25.21228,8.9791679,0.0,0,0.71404135,0.0,0.91349614,109.68171866989407,0.92921501,329.55927,-9.2936087,109.68171866989407
2298,2298,155.4298,25.277342,9.0021515,0.0,0,0.70153737,0.0,0.91556388,109.4513019702081,0.91581833,329.65915,-9.2938185,109.4513019702081
2299,2299,155.43,25.352745,9.0076914,0.0,0,0.68903339,0.0,0.91646546,109.65366381363442,0.90498447,329.75903,-9.294528,109.65366381363442
2300,2300,155.4302,25.427496,9.0169477,0.0,0,0.67652941,0.0,0.91972977,109.76894795074418,0.8912093,329.85892,-9.2942972,109.76894795074418
2301,2301,155.4304,25.499277,9.0387745,0.0,0,0.66402543,0.0,0.9221158,109.58689772051818,0.87624884,329.9588,-9.2941761,109.58689772051818
2302,2302,155.4306,25.577824,9.0463753,0.0,0,0.65152138,0.0,0.92278445,109.75262951229294,0.86421251,330.05869,-9.2947245,109.75262951229294
2303,2303,155.4308,25.660172,9.0540524,0.0,0,0.63901734,0.0,0.92581284,109.9318577512385,0.85151523,330.15857,-9.2948961,109.9318577512385
2304,2304,155.431,25.740129,9.0742521,0.0,0,0.62651336,0.0,0.92846602,109.81482704669767,0.83778703,330.25845,-9.2946167,109.81482704669767
2305,2305,155.4312,25.818495,9.0841246,0.0,0,0.61400938,0.0,0.92906946,109.92385406764527,0.82519126,330.35834,-9.2939873,109.92385406764527
2306,2306,155.4314,25.895859,9.091691,0.0,0,0.6015054,0.0,0.93203127,110.08004025857869,0.81317407,330.45822,-9.2933521,110.08004025857869
2307,2307,155.4316,25.968756,9.1108503,0.0,0,0.58900136,0.0,0.93508172,109.95011498807943,0.80035877,330.55811,-9.293046,109.95011498807943
2308,2308,155.4318,26.028986,9.1227932,0.0,0,0.57674509,0.0,0.93563354,109.93033471841105,0.78967071,330.65799,-9.2935305,109.93033471841105
2309,2309,155.432,26.09881,9.1297436,0.0,0,0.56478846,0.0,0.93821603,110.06487764355943,0.77716559,330.75787,-9.2939072,110.06487764355943
2310,2310,155.4322,26.188992,9.1452475,0.0,0,0.55288601,0.0,0.94123989,110.08627008756997,0.76227111,330.85776,-9.2940388,110.08627008756997
2311,2311,155.4324,26.275074,9.1583643,0.0,0,0.54098594,0.0,0.94181228,110.14345178577571,0.74853909,330.95764,-9.29459,110.14345178577571
2312,2312,155.4326,26.36075,9.1661224,0.0,0,0.52908593,0.0,0.94414413,110.32181130807712,0.73512954,331.05753,-9.2951536,110.32181130807712
2313,2313,155.4328,26.447643,9.1797972,0.0,0,0.51718587,0.0,0.9473967,110.3657438816494,0.72376209,331.15741,-9.2951822,110.3657438816494
2314,2314,155.433,26.527681,9.1952162,0.0,0,0.50528592,0.0,0.94813037,110.33814340570163,0.7128132,331.25729,-9.294116,110.33814340570163
2315,2315,155.4332,26.604391,9.2044868,0.0,0,0.49338591,0.0,0.95015872,110.43916706233829,0.69986808,331.35718,-9.2935915,110.43916706233829
2316,2316,155.4334,26.675289,9.2152624,0.0,0,0.4814859,0.0,0.9536494,110.47936046831305,0.68741041,331.45706,-9.2932825,110.47936046831305
2317,2317,155.4336,26.739105,9.2316523,0.0,0,0.4695859,0.0,0.95477909,110.35621818999185,0.67456758,331.55695,-9.2926464,110.35621818999185
2318,2318,155.4338,26.810261,9.2418842,0.0,0,0.45768592,0.0,0.95637089,110.40736825957069,0.66275555,331.65683,-9.2924185,110.40736825957069
2319,2319,155.434,26.888689,9.2489195,0.0,0,0.44578591,0.0,0.959517,110.56309964604296,0.65169477,331.75668,-9.2921686,110.56309964604296
2320,2320,155.4342,26.958889,9.26577,0.0,0,0.4338859,0.0,0.96095687,110.4501338237651,0.64105415,331.85657,-9.2925882,110.4501338237651
2321,2321,155.4344,27.039337,9.2775612,0.0,0,0.42198589,0.0,0.96227229,110.49785091098224,0.62856543,331.95645,-9.2937984,110.49785091098224
2322,2322,155.4346,27.140366,9.282259,0.0,0,0.41008592,0.0,0.96517861,110.79798726336637,0.61398458,332.05634,-9.2942448,110.79798726336637
2323,2323,155.4348,27.242138,9.2999039,0.0,0,0.39818591,0.0,0.96721929,110.78847768416723,0.60362548,332.15622,-9.2936678,110.78847768416723
2324,2324,155.435,27.330101,9.3143759,0.0,0,0.3862859,0.0,0.9686929,110.79651281918399,0.59378481,332.2561,-9.2935495,110.79651281918399
2325,2325,155.4352,27.406052,9.3175325,0.0,0,0.37438589,0.0,0.97135746,111.02793221423359,0.58154851,332.35599,-9.2935457,111.02793221423359
2326,2326,155.4354,27.483419,9.3341208,0.0,0,0.36248589,0.0,0.97357059,110.93827886383184,0.57016671,332.45587,-9.2931805,110.93827886383184
2327,2327,155.4356,27.555019,9.3510208,0.0,0,0.35058588,0.0,0.9747858,110.81556383538472,0.55903393,332.55576,-9.2930021,110.81556383538472
2328,2328,155.4358,27.626806,9.3526125,0.0,0,0.3386859,0.0,0.97702533,111.06538362782928,0.54682124,332.65564,-9.2928104,111.06538362782928
2329,2329,155.436,27.705269,9.3663092,0.0,0,0.32678592,0.0,0.97954702,111.04530748109937,0.53535354,332.75552,-9.2922373,111.04530748109937
2330,2330,155.4362,27.782387,9.3851385,0.0,0,0.31488591,0.0,0.98076451,110.8918748543449,0.52509475,332.85541,-9.2919397,110.8918748543449
