strain,min,mean,max,upperstd,lowerstd
0.0,0.0,0.0,0.0,0.0,0.0
0.0019038076152304607,0.0,0.0,0.0,0.0,0.0
0.0038076152304609215,0.0,0.0,0.0,0.0,0.0
0.005711422845691382,0.0,0.0,0.0,0.0,0.0
0.007615230460921843,0.0,0.0,0.0,0.0,0.0
0.009519038076152304,63.61023473876779,64.6882666036295,65.7662984684912,1.5245672839577855,1.5245672839577855
0.011422845691382764,64.75182373547652,66.01477173229108,67.27771972910566,1.7860781856670935,1.7860781856670935
0.013326653306613225,65.20877434777616,66.67876698407855,68.14875962038094,2.078883522847425,2.078883522847425
0.015230460921843686,65.60873313524321,67.07349570075218,68.53825826626114,2.071487085799184,2.071487085799184
0.017134268537074147,65.36293485358011,66.86327370837147,68.36361256316282,2.121799556601247,2.121799556601247
0.019038076152304607,64.63456688997104,66.41176687501778,68.1889668600645,2.5133403219023447,2.5133403219023447
0.020941883767535068,63.906198926361974,65.7975957317534,67.68899253714484,2.674839014013711,2.674839014013711
0.02284569138276553,62.80705092408502,64.67184180904115,66.5366326939973,2.637212560494704,2.637212560494704
0.02474949899799599,61.41678380387834,63.40052832736404,65.38427285084975,2.805438409396841,2.805438409396841
0.02665330661322645,60.02651668367166,62.25204317081454,64.47756965795742,3.1473697415380113,3.1473697415380113
0.02855711422845691,60.57825717985411,62.23923884491843,63.90022050998275,2.3489827975870066,2.3489827975870066
0.030460921843687372,62.749599822246644,64.26700340487047,65.78440698749428,2.145932726140126,2.145932726140126
0.03236472945891783,64.6549978799628,66.15190429657747,67.64881071319213,2.1169453559797677,2.1169453559797677
0.03426853707414829,64.78306889616016,66.66605956723942,68.54905023831866,2.662950944862289,2.662950944862289
0.03617234468937876,64.69749590085742,66.44592811978815,68.19436033871888,2.472656556901924,2.472656556901924
0.038076152304609215,64.52689777958757,66.11637738695009,67.70585699431261,2.2478636178475377,2.2478636178475377
0.03997995991983967,64.8723470272799,66.55369669416399,68.23504636104808,2.3777875019989634,2.3777875019989634
0.041883767535070136,67.15917682526289,68.23271962948024,69.30626243369758,1.518218793512216,1.518218793512216
0.0437875751503006,66.9343751865901,69.51954392506282,72.10471266353554,3.6559806909710613,3.6559806909710613
0.04569138276553106,62.19931105592988,64.78665608233922,67.37400110874857,3.6590584268866695,3.6590584268866695
0.047595190380761515,61.39568239860575,63.394755853434276,65.39382930826281,2.827116791998545,2.827116791998545
0.04949899799599198,61.73376841729014,63.400511877884114,65.06725533847808,2.357131206968654,2.357131206968654
0.051402805611222444,63.93103039757517,65.32800848979053,66.72498658200588,1.975625364349049,1.975625364349049
0.0533066132264529,66.77328124732982,68.1484913728444,69.52370149835899,1.9448408106155317,1.9448408106155317
0.05521042084168336,69.73646273593972,71.27144962573627,72.80643651553282,2.1707992776151754,2.1707992776151754
0.05711422845691382,69.87226402260015,71.59893629473223,73.32560856686432,2.4418833450227617,2.4418833450227617
0.059018036072144286,70.29751627904805,71.98016325088447,73.66281022272089,2.3796221682570837,2.3796221682570837
0.060921843687374744,70.72161926594117,72.32996983424675,73.93832040255235,2.274551186748239,2.274551186748239
0.0628256513026052,70.3399982261735,72.17337784286667,74.00675745955984,2.5927903189058603,2.5927903189058603
0.06472945891783566,69.95837718640585,72.01678585148659,74.07519451656732,2.911029451063471,2.911029451063471
0.06663326653306613,68.47748675564061,70.61754624684791,72.7576057380552,3.0265011567506233,3.0265011567506233
0.06853707414829659,66.7050534349285,68.9135285861305,71.12200373733249,3.123255510993833,3.123255510993833
0.07044088176352704,65.27870756518186,67.234431496681,69.19015542818012,2.7658113081836984,2.7658113081836984
0.07234468937875752,65.47567166184068,67.10265167281713,68.72963168379357,2.300897197232817,2.300897197232817
0.07424849699398797,66.23115360633122,67.70468504440103,69.17821648247083,2.0838881443014494,2.0838881443014494
0.07615230460921843,67.1530907627148,68.8558379865542,70.55858521039363,2.4080482172468396,2.4080482172468396
0.07805611222444889,67.25455744318165,69.15752977794531,71.06050211270896,2.691209284643552,2.691209284643552
0.07995991983967934,67.11776503424085,69.18663076353116,71.25549649282145,2.925817973091249,2.925817973091249
0.08186372745490982,67.28700547518584,68.945499824813,70.60399417444016,2.3454652023618783,2.3454652023618783
0.08376753507014027,68.04603195892494,69.44292728224691,70.83982260556888,1.9755083114574807,1.9755083114574807
0.08567134268537073,67.71736871678645,69.43354671896866,71.14972472115086,2.427042206132436,2.427042206132436
0.0875751503006012,66.79974218500641,68.73949239121558,70.67924259742475,2.7432210492370146,2.7432210492370146
0.08947895791583166,65.60622947432448,67.46021265312368,69.31419583192287,2.621928155869407,2.621928155869407
0.09138276553106212,65.36332442973139,66.86267645699724,68.36202848426309,2.1204039717309597,2.1204039717309597
0.09328657314629257,67.87917177384473,68.86199810634275,69.84482443884076,1.3899263288761008,1.3899263288761008
0.09519038076152303,69.91114985519332,71.60263048729817,73.29411111940303,2.392114850414103,2.392114850414103
0.0970941883767535,70.30356336830832,72.24940730204034,74.19525123577237,2.751838881345249,2.751838881345249
0.09899799599198396,69.59387851019945,71.54599804322592,73.4981175762524,2.7607139189794756,2.7607139189794756
0.10090180360721442,68.77981195944342,70.68823730814704,72.59666265685065,2.6989210109132578,2.6989210109132578
0.10280561122244489,67.70072012873233,69.57388266886841,71.44704520900449,2.64905186878968,2.64905186878968
0.10470941883767534,67.10098801731554,68.91478964504223,70.72859127276892,2.5651028613854807,2.5651028613854807
0.1066132264529058,66.67445980278146,68.47756317014998,70.28066653751851,2.5499732364931704,2.5499732364931704
0.10851703406813626,66.42000286232742,68.25435076558534,70.08869866884325,2.594159682897992,2.594159682897992
0.11042084168336672,66.09315532093937,67.8799975713181,69.66683982169683,2.5269765443068555,2.5269765443068555
0.11232464929859719,66.08316344293496,67.65305645593583,69.22294946893668,2.2201639904605743,2.2201639904605743
0.11422845691382764,66.39634344487737,67.85688577395348,69.31742810302957,2.065518770199406,2.065518770199406
0.1161322645290581,67.404415042831,68.75336239720038,70.10230975156975,1.9076996434764715,1.9076996434764715
0.11803607214428857,67.58037915134732,69.30327092352908,71.02616269571087,2.4365369107204833,2.4365369107204833
0.11993987975951903,66.94342605709654,68.6619977955164,70.38056953393625,2.4304274603844647,2.4304274603844647
0.12184368737474949,65.83390318016072,67.62923049822638,69.42455781629204,2.538976242107371,2.538976242107371
0.12374749498997994,65.09727028220632,66.84646145317438,68.59565262414246,2.473729877166317,2.473729877166317
0.1256513026052104,65.27293314643005,66.96245350323323,68.65197386003642,2.3893426024964963,2.3893426024964963
0.12755511022044086,67.09810526436188,68.66174173835904,70.2253782123562,2.2113159081480345,2.2113159081480345
0.12945891783567132,68.27742508310318,69.86579366748919,71.45416225187519,2.24629239408604,2.24629239408604
0.1313627254509018,68.41712169482024,69.95546862430788,71.49381555379551,2.1755510913164247,2.1755510913164247
0.13326653306613226,67.94801774771334,69.60730682914715,71.26659591058096,2.3465891228612916,2.3465891228612916
0.13517034068136272,67.46243584977746,69.20824947924244,70.95406310870742,2.4689533121651666,2.4689533121651666
0.13707414829659317,67.26647481537069,69.04819636211926,70.82991790886784,2.5197347757842077,2.5197347757842077
0.13897795591182363,66.92632364224991,68.74439865600934,70.56247366976875,2.5711463418702216,2.5711463418702216
0.1408817635270541,66.26558977719077,68.0813358972,69.89708201720923,2.5678527887433784,2.5678527887433784
0.14278557114228455,65.62281853098258,67.47169897670855,69.32057942243452,2.6147118015520765,2.6147118015520765
0.14468937875751503,65.42712479532597,67.32169358082464,69.2162623663233,2.6793248713009423,2.6793248713009423
0.1465931863727455,66.17880933235281,67.9100179791766,69.64122662600039,2.4482987476357745,2.4482987476357745
0.14849699398797594,67.1831652632381,68.81916204900764,70.45515883477721,2.3136488424340977,2.3136488424340977
0.1504008016032064,67.0545249859614,68.63719840623824,70.21987182651509,2.2382382157629315,2.2382382157629315
0.15230460921843686,66.47758401610842,68.0940296866329,69.71047535715736,2.2859993900949775,2.2859993900949775
0.15420841683366732,65.93162848606252,67.59349376408444,69.25535904210636,2.3502324150155345,2.3502324150155345
0.15611222444889777,65.74002852197427,67.45763866834133,69.17524881470841,2.42906756386195,2.42906756386195
0.15801603206412823,66.04333924369044,67.87654025955312,69.70974127541581,2.5925377391891438,2.5925377391891438
0.1599198396793587,66.54243676759747,68.4431827855987,70.34392880359992,2.6880607972839927,2.6880607972839927
0.16182364729458917,66.90122456205505,68.73138180121988,70.56153904038472,2.588233188902208,2.588233188902208
0.16372745490981963,67.11622370543095,68.84470207930653,70.57318045318212,2.444437558603441,2.444437558603441
0.1656312625250501,67.00751858057149,68.61546446969253,70.22341035881357,2.273978883957041,2.273978883957041
0.16753507014028055,66.69530929007624,68.28636312945487,69.8774169688335,2.250089918115044,2.250089918115044
0.169438877755511,66.35596731071624,68.00942443968475,69.66288156865326,2.338341496589749,2.338341496589749
0.17134268537074146,66.057272465522,67.7714608965324,69.48564932754282,2.4242285275979727,2.4242285275979727
0.17324649298597192,65.870539496514,67.65381023284696,69.43708096917993,2.5219256607051364,2.5219256607051364
0.1751503006012024,65.79607510665878,67.68064829498181,69.56522148330482,2.665188962211126,2.665188962211126
0.17705410821643286,66.0799660622519,68.04381242517955,70.00765878810721,2.777298160869364,2.777298160869364
0.17895791583166332,66.35424166789588,68.22294610422995,70.09165054056402,2.6427471579304123,2.6427471579304123
0.18086172344689377,66.32882274223923,68.10028242996026,69.8717421176813,2.505222315572294,2.505222315572294
0.18276553106212423,66.00972301725896,67.69677998189425,69.38383694652954,2.3858588398832126,2.3858588398832126
0.1846693386773547,65.61513072317163,67.31423847738964,69.01334623160766,2.4029012299484043,2.4029012299484043
0.18657314629258515,65.48555940413608,67.18734830841673,68.88913721269738,2.40669294872974,2.40669294872974
0.1884769539078156,66.18176905118221,67.79439099400506,69.4070129368279,2.2805918225205115,2.2805918225205115
0.19038076152304606,66.59934468416633,68.25714579877797,69.91494691338961,2.3444848200010204,2.3444848200010204
0.19228456913827655,66.65508114893147,68.39712651340923,70.13917187788701,2.463624180713641,2.463624180713641
0.194188376753507,66.35627371769803,68.14261693330818,69.9289601489183,2.5262708025690235,2.5262708025690235
0.19609218436873746,66.096193643678,67.85041844032008,69.60464323696215,2.4808484988624007,2.4808484988624007
0.19799599198396792,65.96405019088043,67.68226370409903,69.40047721731761,2.429920853446458,2.429920853446458
0.19989979959919837,65.73884910127467,67.47259520839043,69.20634131550618,2.451887258394659,2.451887258394659
0.20180360721442883,65.54431604889123,67.2954429587273,69.04656986856338,2.476467425326664,2.476467425326664
0.2037074148296593,65.5218462751386,67.26244818211296,69.00305008908732,2.461582823535615,2.461582823535615
0.20561122244488977,65.86781050137928,67.56328060227001,69.25875070316074,2.3977568112777514,2.3977568112777514
0.20751503006012023,66.24460241832202,67.97771444452741,69.71082647073278,2.4509905325715677,2.4509905325715677
0.2094188376753507,66.37926539136822,68.10368421020242,69.82810302903661,2.438696480806712,2.438696480806712
0.21132264529058115,66.11480532263579,67.8460056287442,69.57720593485261,2.448286952082971,2.448286952082971
0.2132264529058116,65.75390232866626,67.49917442514334,69.24444652162043,2.468187468869222,2.468187468869222
0.21513026052104206,65.46424923264252,67.29433138817421,69.12441354370593,2.5881270046099263,2.5881270046099263
0.21703406813627252,65.55665348116514,67.37181379174206,69.18697410231896,2.567024329099221,2.567024329099221
0.21893787575150297,65.82814564083606,67.56430763202107,69.30046962320608,2.455303834410525,2.455303834410525
0.22084168336673343,66.05852207545222,67.68145475354302,69.30438743163383,2.295173404174505,2.295173404174505
0.22274549098196392,66.19858326010181,67.7371438508142,69.2757044415266,2.175853253918227,2.175853253918227
0.22464929859719437,66.27041135955203,67.83230076561395,69.39419017167586,2.208845180979619,2.208845180979619
0.22655310621242483,66.24093332502024,67.87699598321291,69.51305864140556,2.3137420001082423,2.3137420001082423
0.2284569138276553,66.10536836986314,67.7750593725377,69.44475037521224,2.361299660954676,2.361299660954676
0.23036072144288575,65.95569651652694,67.58627859215451,69.21686066778209,2.3059912859149843,2.3059912859149843
0.2322645290581162,65.76730485709233,67.43580028293576,69.10429570877918,2.3596088599852436,2.3596088599852436
0.23416833667334666,65.56521919568156,67.32773387819535,69.09024856070911,2.49257216789269,2.49257216789269
0.23607214428857715,65.50783345241292,67.31089820110759,69.11396294980224,2.549918621440823,2.549918621440823
0.2379759519038076,65.71402423847142,67.40914539572526,69.10426655297908,2.397263330453942,2.397263330453942
0.23987975951903806,65.85440647790858,67.4454999500891,69.0365934222696,2.250145967360977,2.250145967360977
0.24178356713426852,65.91955018884308,67.44870986045963,68.97786953207618,2.1625583466341194,2.1625583466341194
0.24368737474949898,65.96306913588775,67.51737962002065,69.07169010415353,2.198126966799426,2.198126966799426
0.24559118236472943,65.92405319057046,67.53436600920794,69.14467882784542,2.2773262277803727,2.2773262277803727
0.2474949899799599,65.8458816295695,67.52760509692797,69.20932856428645,2.3783161356994604,2.3783161356994604
0.24939879759519035,65.82135401604995,67.58959969609916,69.35784537614836,2.500677022333222,2.500677022333222
0.2513026052104208,65.83304730560035,67.62644927541201,69.41985124522368,2.5362533884942855,2.5362533884942855
0.25320641282565126,65.84000367716405,67.59328658011205,69.34656948306004,2.4795164600259243,2.4795164600259243
0.2551102204408817,65.81604688895666,67.50079089213656,69.18553489531647,2.3825878184237568,2.3825878184237568
0.2570140280561122,65.75548803814614,67.40093518895208,69.046382339758,2.3270136768379115,2.3270136768379115
0.25891783567134263,65.68465459989133,67.32837892193609,68.97210324398087,2.3245772290382325,2.3245772290382325
0.26082164328657315,65.63096279632593,67.30577967578061,68.9805965552353,2.3685487454161955,2.3685487454161955
0.2627254509018036,65.69632110552939,67.35572108845302,69.01512107137665,2.346745961252281,2.346745961252281
0.26462925851703406,65.79228647808254,67.43572651212821,69.07916654617388,2.3241751850942842,2.3241751850942842
0.2665330661322645,65.8226961207594,67.51582228975433,69.20894845874925,2.39444199100142,2.39444199100142
0.268436873747495,65.77473264288243,67.52345955425938,69.27218646563632,2.473073314956094,2.473073314956094
0.27034068136272543,65.76440716486422,67.50907921900904,69.25375127315385,2.4673388808649235,2.4673388808649235
0.2722444889779559,65.77418673942984,67.4891063125162,69.20402588560256,2.425262518637812,2.425262518637812
0.27414829659318635,65.734280838066,67.40614708992459,69.07801334178319,2.364375927852299,2.364375927852299
0.2760521042084168,65.58482892302148,67.2377944201042,68.89075991718693,2.3376462241091747,2.3376462241091747
0.27795591182364726,65.44738808174287,67.08922805393303,68.73106802612317,2.3219123559175725,2.3219123559175725
0.2798597194388777,65.37169065469641,67.00824750078425,68.64480434687208,2.314440887331954,2.314440887331954
0.2817635270541082,65.42740811887519,67.09949990839988,68.77159169792455,2.364694886278499,2.364694886278499
0.28366733466933863,65.50662139470161,67.21198849526523,68.91735559582885,2.411753282441954,2.411753282441954
0.2855711422845691,65.5790659972368,67.33043351621617,69.08180103519555,2.476807698040356,2.476807698040356
0.28747494989979955,65.66469178599387,67.42509396750512,69.18549614901636,2.489584640324387,2.489584640324387
0.28937875751503006,65.75789529210924,67.4651251477647,69.17235500342014,2.4143876159561968,2.4143876159561968
0.2912825651302605,65.74357407090969,67.4193965762852,69.0952190816607,2.3699709152321007,2.3699709152321007
0.293186372745491,65.62986787128463,67.28891191316322,68.9479559550418,2.3462425845989756,2.3462425845989756
0.29509018036072143,65.4070769211585,67.07907371225198,68.75107050334547,2.3645605382086994,2.3645605382086994
0.2969939879759519,65.28876620917144,66.94711389275784,68.60546157634425,2.3452577852579015,2.3452577852579015
0.29889779559118235,65.20839981565271,66.86054031607279,68.51268081649286,2.3364795026399414,2.3364795026399414
0.3008016032064128,65.14452887437162,66.8405984315022,68.53666798863279,2.398604570422202,2.398604570422202
0.30270541082164326,65.16393593740187,66.91115721751856,68.65837849763525,2.470944030807904,2.470944030807904
0.3046092184368737,65.31252257270401,67.03802443864382,68.76352630458362,2.4402281407121538,2.4402281407121538
0.3065130260521042,65.5041977506769,67.16281101679041,68.82142428290395,2.345633375669685,2.345633375669685
0.30841683366733463,65.6581855977425,67.25054783506275,68.84291007238298,2.2519402722290454,2.2519402722290454
0.3103206412825651,65.6272112623068,67.22815767490155,68.8291040874963,2.2640801293240504,2.2640801293240504
0.31222444889779555,65.54340542095683,67.12642214663157,68.70943887230632,2.238723722912675,2.238723722912675
0.314128256513026,65.39180577791174,66.94070910060977,68.48961242330779,2.190480085764296,2.190480085764296
0.31603206412825646,65.18130939368204,66.80007227699005,68.41883516029804,2.2892764238403513,2.2892764238403513
0.3179358717434869,65.03094262174295,66.7254267640419,68.41991090634085,2.396362455265312,2.396362455265312
0.3198396793587174,64.98430430898561,66.71427922351828,68.44425413805095,2.4465539866973356,2.4465539866973356
0.3217434869739479,64.97511078189284,66.74124372607608,68.5073766702593,2.4976891626178537,2.4976891626178537
0.32364729458917835,65.020770277295,66.78219543639057,68.54362059548615,2.4910313490981464,2.4910313490981464
0.3255511022044088,65.12261931508147,66.8216588846503,68.52069845421914,2.402804802292798,2.402804802292798
0.32745490981963926,65.22415698342314,66.83399622848988,68.44383547355662,2.276656493613845,2.276656493613845
0.3293587174348697,65.2780886953923,66.91433936980704,68.55059004422178,2.314007895199448,2.314007895199448
0.3312625250501002,65.28361065641388,66.94750480309663,68.61139894977939,2.3531016685919535,2.3531016685919535
0.33316633266533063,65.2453811675893,66.91684121421108,68.58830126083284,2.3638014668972693,2.3638014668972693
0.3350701402805611,65.08230966558159,66.79264376891136,68.50297787224113,2.418777685118189,2.418777685118189
0.33697394789579155,64.89379380008707,66.66549405911145,68.43719431813584,2.505562534772211,2.505562534772211
0.338877755511022,64.76854524776658,66.58064041195135,68.39273557613612,2.5626895575007995,2.5626895575007995
0.34078156312625246,64.72318273732726,66.51467263432964,68.30616253133202,2.5335493091951427,2.5335493091951427
0.3426853707414829,64.70134985665803,66.4688230655002,68.23629627434237,2.4995845830756895,2.4995845830756895
0.3445891783567134,64.67194254052178,66.44895891841031,68.22597529629886,2.513080662169081,2.513080662169081
0.34649298597194383,64.76976888319874,66.47542867626862,68.1810884693385,2.4121672121539173,2.4121672121539173
0.3483967935871743,64.88784159211892,66.51041637822068,68.13299116432245,2.2946672684697402,2.2946672684697402
0.3503006012024048,64.93124091932006,66.54829303748197,68.16534515564388,2.286857036568711,2.286857036568711
0.35220440881763526,64.89979682931637,66.555136887321,68.21047694532561,2.3410043603695976,2.3410043603695976
0.3541082164328657,64.81040724753248,66.49603119371878,68.18165513990509,2.383832245757527,2.383832245757527
0.3560120240480962,64.67704059759976,66.42005692050344,68.16307324340714,2.4649973232880833,2.4649973232880833
0.35791583166332663,64.53840436409486,66.32151452352966,68.10462468296444,2.5216985706779336,2.5216985706779336
0.3598196392785571,64.5359009577611,66.25601135574027,67.97612175371945,2.432603453601134,2.432603453601134
0.36172344689378755,64.49082846504291,66.14387005372348,67.79691164240403,2.3377538338788133,2.3377538338788133
0.363627254509018,64.40364656614014,66.03381391729152,67.66398126844292,2.3054047769361232,2.3054047769361232
0.36553106212424846,64.30152554206522,65.97381955337718,67.64611356468913,2.3649808710726723,2.3649808710726723
0.3674348697394789,64.31354150725272,65.99779404257859,67.68204657790446,2.381892777919113,2.381892777919113
0.3693386773547094,64.37229553857226,66.07116312217002,67.77003070576777,2.4025615773999505,2.4025615773999505
0.37124248496993983,64.42524683865125,66.13701127123294,67.84877570381462,2.420800476144909,2.420800476144909
0.3731462925851703,64.46611786995834,66.16598410287627,67.86585033579419,2.4039738808125946,2.4039738808125946
0.37505010020040075,64.41818745397939,66.13028576989291,67.84238408580643,2.4212726584810387,2.4212726584810387
0.3769539078156312,64.32699794043104,66.06563815147497,67.8042783625189,2.458808566545545,2.458808566545545
0.37885771543086166,64.23058840502173,66.01587501948367,67.80116163394563,2.5247765428952302,2.5247765428952302
0.3807615230460921,64.30198347500114,66.02206712629996,67.74215077759877,2.4325656280830175,2.4325656280830175
0.38266533066132263,64.25648322254186,65.92095559558734,67.58542796863283,2.3539194041562532,2.3539194041562532
0.3845691382765531,64.1179719642281,65.78223612815236,67.44650029207662,2.353624951993206,2.353624951993206
0.38647294589178355,63.95443261849003,65.66989373841652,67.385354858343,2.4260283815237775,2.4260283815237775
0.388376753507014,63.88427144143018,65.62525714763551,67.36624285384084,2.462125597613282,2.462125597613282
0.39028056112224446,63.877207638968926,65.61873799920981,67.3602683594507,2.462895854737164,2.462895854737164
0.3921843687374749,63.87464249488844,65.64217470527315,67.40970691565785,2.499668023857344,2.499668023857344
0.3940881763527054,63.86363848254291,65.67553786445977,67.48743724637663,2.562412679562251,2.562412679562251
0.39599198396793583,63.913337677092,65.70572812591817,67.49811857474435,2.5348228817979765,2.5348228817979765
0.3978957915831663,63.913830912801735,65.66282745361946,67.41182399443717,2.473454628568045,2.473454628568045
0.39979959919839675,63.86351369035272,65.58757658896153,67.31163948757033,2.438193133596845,2.438193133596845
0.4017034068136272,63.75110581825694,65.49958451713876,67.24806321602058,2.472722289479136,2.472722289479136
0.40360721442885766,63.6361514319977,65.35616991204168,67.07618839208567,2.4324734620105573,2.4324734620105573
0.4055110220440881,63.49312188823787,65.19593964880535,66.89875740937282,2.4081479712443024,2.4081479712443024
0.4074148296593186,63.354431797713715,65.11002113129126,66.86561046486881,2.48277824550291,2.48277824550291
0.40931863727454904,63.30980091199027,65.06417390974799,66.8185469075057,2.481058086890106,2.481058086890106
0.41122244488977955,63.283139142212896,65.00894131613803,66.73474349006317,2.4406528403378975,2.4406528403378975
0.41312625250501,63.26541716828064,64.9919438018032,66.71847043532577,2.4416773809259724,2.4416773809259724
0.41503006012024046,63.30818611005997,65.06013461158484,66.81208311310971,2.47762933143569,2.47762933143569
0.4169338677354709,63.3963004475565,65.14253713731392,66.88877382707136,2.469551609768458,2.469551609768458
0.4188376753507014,63.487702841822916,65.16113572543888,66.83456860905484,2.3665914797308116,2.3665914797308116
0.42074148296593183,63.40073273671194,65.10094302719207,66.80115331767222,2.4044604516833132,2.4044604516833132
0.4226452905811623,63.22127187915625,64.98708991383239,66.75290794850854,2.497243813322007,2.497243813322007
0.42454909819639275,63.12783864322762,64.90049562128567,66.67315259934374,2.506915539805013,2.506915539805013
0.4264529058116232,63.00421813816234,64.81563270798169,66.62704727780105,2.561727051718763,2.561727051718763
0.42835671342685366,62.89998199190088,64.75805000341187,66.61611801492285,2.627704981690441,2.627704981690441
0.4302605210420841,62.87510302807366,64.72086555591142,66.56662808374917,2.6103023997881976,2.6103023997881976
0.4321643286573146,62.88493042556722,64.62728635115081,66.3696422767344,2.464063380441438,2.464063380441438
0.43406813627254504,62.84787777432677,64.55727818469263,66.26667859505851,2.417457243865547,2.417457243865547
0.4359719438877755,62.865220720679766,64.55983174794125,66.25444277520272,2.396541897700183,2.396541897700183
0.43787575150300595,62.94957899495445,64.60707703309257,66.26457507123068,2.34405620514172,2.34405620514172
0.4397795591182364,62.97472627713961,64.65071822483762,66.32671017253561,2.370210542862613,2.370210542862613
0.44168336673346686,62.87889245123011,64.61257393438572,66.34625541754134,2.451795866313777,2.451795866313777
0.4435871743486974,62.779893389329416,64.54002414202382,66.30015489471823,2.4892007820103963,2.4892007820103963
0.44549098196392783,62.70900457196451,64.44432305419241,66.17964153642029,2.4541109326033754,2.4541109326033754
0.4473947895791583,62.617760140154296,64.34608033386785,66.07440052758139,2.4442138580729926,2.4442138580729926
0.44929859719438875,62.51588116300698,64.24774145691705,65.97960175082714,2.4492203157830916,2.4492203157830916
0.4512024048096192,62.47569464360094,64.17005779028025,65.86442093695956,2.396191341619036,2.396191341619036
0.45310621242484966,62.4638117830767,64.1495655575497,65.8353193320227,2.3840158506813567,2.3840158506813567
0.4550100200400801,62.43877488069101,64.17433687925171,65.90989887781242,2.454455316703908,2.454455316703908
0.4569138276553106,62.47510994832201,64.21063203412172,65.94615411992142,2.4543988715359846,2.4543988715359846
0.45881763527054104,62.475894730748514,64.19272274558817,65.90955076042782,2.427961462848314,2.427961462848314
0.4607214428857715,62.45243840439195,64.19730137563084,65.94216434686973,2.4676088784086563,2.4676088784086563
0.46262525050100195,62.47742777435325,64.23416626735465,65.99090476035606,2.4844034023454578,2.4844034023454578
0.4645290581162324,62.52878646520449,64.25149691397799,65.97420736275149,2.4362804806973215,2.4362804806973215
0.46643286573146286,62.507794372336136,64.22713011901322,65.9464658656903,2.431507931223601,2.431507931223601
0.4683366733466933,62.35447074990965,64.08436110337513,65.8142514568406,2.4464343992892568,2.4464343992892568
0.4702404809619238,62.235533303895785,63.948720670664386,65.661908037433,2.42281280897041,2.42281280897041
0.4721442885771543,62.13193457707881,63.83186774186285,65.5318009066469,2.40406853676541,2.40406853676541
0.47404809619238475,62.029904263961214,63.77069279689364,65.51148132982607,2.461846752496602,2.461846752496602
0.4759519038076152,62.0481157130959,63.77552546783646,65.50293522257701,2.442926302929671,2.442926302929671
0.47785571142284566,62.0911912850881,63.77992467072026,65.46865805635242,2.388229657193237,2.388229657193237
0.4797595190380761,62.10755818630806,63.804769976452874,65.50198176659768,2.4002199318423085,2.4002199318423085
0.4816633266533066,62.11161773191556,63.870355969724855,65.62909420753415,2.4872314685740653,2.4872314685740653
0.48356713426853704,62.141920347923566,63.902214715508066,65.66250908309257,2.489432168406975,2.489432168406975
0.4854709418837675,62.13194505575477,63.8650419176456,65.59813877953643,2.4509690869922607,2.4509690869922607
0.48737474949899795,62.00273657080386,63.73452544010049,65.46631430939712,2.4491193061260605,2.4491193061260605
0.4892785571142284,61.86844357075255,63.616030861549646,65.36361815234675,2.471461648076112,2.471461648076112
0.49118236472945886,61.84786310652007,63.55558969436551,65.26331628221094,2.4150901013561383,2.4150901013561383
0.4930861723446893,61.77450179004017,63.46188349970639,65.14926520937262,2.3863180987102726,2.3863180987102726
0.4949899799599198,61.746253025282996,63.4518772014455,65.157501377608,2.412116842240447,2.412116842240447
0.49689378757515024,61.794342798246525,63.50017789099735,65.20601298374817,2.4124151233401774,2.4124151233401774
0.4987975951903807,61.82616201405345,63.521810120570315,65.21745822708718,2.3980085492484062,2.3980085492484062
0.5007014028056112,61.868280287358395,63.58392866305036,65.29957703874231,2.4262932011669394,2.4262932011669394
0.5026052104208416,61.96390146963319,63.68038990276291,65.39687833589264,2.4274812217885966,2.4274812217885966
0.5045090180360721,61.96409147981998,63.682531706303266,65.40097193278655,2.4302414744201544,2.4302414744201544
0.5064128256513025,61.89280387056664,63.57972862311448,65.26665337566232,2.3856718637560306,2.3856718637560306
0.508316633266533,61.74007841262731,63.438129681878046,65.13618095112878,2.401407134579235,2.401407134579235
0.5102204408817634,61.68841254435092,63.38424111485244,65.08006968535398,2.3982637638630413,2.3982637638630413
0.5121242484969939,61.61501049667441,63.32727110389264,65.03953171111087,2.4215021730452118,2.4215021730452118
0.5140280561122244,61.5247906605923,63.25578506557294,64.98677947055357,2.4479957639155594,2.4479957639155594
0.5159318637274548,61.50747941675122,63.24570540160133,64.98393138645143,2.4582227622443518,2.4582227622443518
0.5178356713426853,61.52355682131255,63.24432722020787,64.96509761910319,2.43353683584792,2.43353683584792
0.5197394789579158,61.53851532632753,63.24301264681364,64.94750996729975,2.41052322766006,2.41052322766006
0.5216432865731463,61.59526809688165,63.29265856321106,64.99004902954047,2.400472618125848,2.400472618125848
0.5235470941883767,61.68914503991789,63.34979756502741,65.01045009013693,2.3485173233990086,2.3485173233990086
0.5254509018036072,61.751697014283096,63.35973703969349,64.96777706510389,2.2741120127741588,2.2741120127741588
0.5273547094188377,61.67178753854593,63.2718573523008,64.87192716605567,2.2628404313559307,2.2628404313559307
0.5292585170340681,61.497558080209885,63.18882424615669,64.8800904121035,2.3918115494647205,2.3918115494647205
0.5311623246492986,61.41958686593529,63.11959960232582,64.81961233871635,2.4041810680104896,2.4041810680104896
0.533066132264529,61.33200306481287,63.0195356677041,64.70706827059533,2.3865314939555495,2.3865314939555495
0.5349699398797595,61.28367827454643,62.9662051339799,64.64873199341336,2.3794523036678177,2.3794523036678177
0.53687374749499,61.30940038103531,62.96841557569253,64.62743077034975,2.346201788467279,2.346201788467279
0.5387775551102204,61.35121885188103,62.98040599612574,64.60959314037045,2.3040185550347614,2.3040185550347614
0.5406813627254509,61.370860875493996,63.01331463551361,64.65576839553322,2.3227803829904166,2.3227803829904166
0.5425851703406813,61.469952630515316,63.10309863845016,64.736244646385,2.3096172337569345,2.3096172337569345
0.5444889779559118,61.577109682496584,63.17031803549347,64.76352638849036,2.253136860494302,2.253136860494302
0.5463927855711422,61.56076154423634,63.13628955152878,64.71181755882122,2.2281330758116265,2.2281330758116265
0.5482965931863727,61.42718182949956,63.09805299079276,64.76892415208596,2.3629686572789255,2.3629686572789255
0.5502004008016032,61.333473253174,63.042830856099044,64.7521884590241,2.4173967050021683,2.4173967050021683
0.5521042084168336,61.23899878861272,62.93063556391306,64.6222723392134,2.3923356702388268,2.3923356702388268
0.5540080160320641,61.15269243600905,62.79897309089224,64.44525374577543,2.3281924296082708,2.3281924296082708
0.5559118236472945,61.13744634938626,62.766253473740434,64.39506059809462,2.3034811257516,2.3034811257516
0.557815631262525,61.18119521907288,62.77879315932472,64.37639109957655,2.2593446743234655,2.2593446743234655
0.5597194388777554,61.19141079024069,62.763124281185554,64.33483777213041,2.222738535058987,2.222738535058987
0.5616232464929859,61.20568197638894,62.787104106032416,64.3685262356759,2.2364686235787548,2.2364686235787548
0.5635270541082164,61.31983102385004,62.85932105997696,64.39881109610388,2.1771676882289372,2.1771676882289372
0.5654308617234468,61.34853481876986,62.88582819200146,64.42312156523306,2.174061137770411,2.174061137770411
0.5673346693386773,61.32598135098573,62.92502738128202,64.52407341157831,2.2613925829038766,2.2613925829038766
0.5692384769539077,61.26321279745768,62.88464107394488,64.50606935043207,2.2930458590234224,2.2930458590234224
0.5711422845691382,61.210518082446946,62.81339065155366,64.41626322066037,2.2668041259865177,2.2668041259865177
0.5730460921843686,61.13529917535394,62.71479508212548,64.294290988897,2.233744533069088,2.233744533069088
0.5749498997995991,60.99888068228212,62.614423397516866,64.22996611275161,2.284722418478032,2.284722418478032
0.5768537074148296,60.992373440321536,62.60495367628235,64.21753391224317,2.2805328401105927,2.2805328401105927
0.5787575150300601,60.99742173760716,62.60711940298735,64.21681706836755,2.2764562697009763,2.2764562697009763
0.5806613226452906,60.997616002828956,62.62694115861915,64.25626631440933,2.304213732834139,2.304213732834139
0.582565130260521,61.097691577186694,62.683463374183056,64.26923517117942,2.2426199821410093,2.2426199821410093
0.5844689378757515,61.14580391887769,62.70909003286475,64.27237614685181,2.2108204242700342,2.2108204242700342
0.586372745490982,61.1503199466932,62.72956148019384,64.30880301369447,2.233384794939483,2.233384794939483
0.5882765531062124,61.1201564575788,62.752361475952426,64.38456649432605,2.3082864735574073,2.3082864735574073
0.5901803607214429,61.119235654683955,62.757603963193006,64.39597227170206,2.317002682055772,2.317002682055772
0.5920841683366733,61.119596206008616,62.73679263292925,64.35398905984988,2.2870611199724675,2.2870611199724675
0.5939879759519038,61.05530192554663,62.64425647592352,64.23321102630041,2.247121075137441,2.247121075137441
0.5958917835671342,60.933005902417925,62.55103843569162,64.16907096896531,2.2882435529165557,2.2882435529165557
0.5977955911823647,60.90528816634465,62.52399877565546,64.14270938496627,2.2892024972445637,2.2892024972445637
0.5996993987975952,60.90337739474056,62.497141479597396,64.09090556445423,2.2539227840276825,2.2539227840276825
0.6016032064128256,60.90848791633728,62.5062659165817,64.10404391682611,2.2595993176070177,2.2595993176070177
0.6035070140280561,60.99833940729773,62.580252792607155,64.16216617791659,2.237163364004133,2.237163364004133
0.6054108216432865,61.08405843632977,62.63723844247932,64.19041844862888,2.1965282295034254,2.1965282295034254
0.607314629258517,61.10908353028694,62.61222278099973,64.11536203171252,2.1257599144933623,2.1257599144933623
0.6092184368737474,61.116343637446015,62.60471705564649,64.09309047384696,2.1048778738947083,2.1048778738947083
0.6111222444889779,61.099814165222575,62.64642487746036,64.19303558969814,2.1872378449581844,2.1872378449581844
0.6130260521042084,61.054626377201565,62.63107755626014,64.2075287353187,2.2294386378436855,2.2294386378436855
0.6149298597194388,60.98916108977836,62.569765369326745,64.15036964887513,2.2353120088822815,2.2353120088822815
0.6168336673346693,60.95217932846911,62.5356535312697,64.11912773407029,2.239370693268521,2.239370693268521
0.6187374749498997,60.94623226562674,62.50410304324542,64.0619738208641,2.2031619821330546,2.2031619821330546
0.6206412825651302,60.92217111727034,62.45251569659632,63.982860275922306,2.1642340591869553,2.1642340591869553
0.6225450901803606,60.8199928743716,62.39361984086984,63.96724680736808,2.2254445981378415,2.2254445981378415
0.6244488977955911,60.833159678596,62.43719223252114,64.04122478644628,2.2684445922488865,2.2684445922488865
0.6263527054108216,60.92623097605977,62.489694873694944,64.05315877133012,2.211071848316363,2.211071848316363
0.628256513026052,61.00859690199856,62.51490597906839,64.02121505613822,2.1302427259178525,2.1302427259178525
0.6301603206412825,61.029981704244456,62.56543473581132,64.1008877673782,2.171458501628752,2.171458501628752
0.6320641282565129,61.02174532685098,62.58952332255568,64.15730131826038,2.2171729043156927,2.2171729043156927
0.6339679358717434,61.01319790953196,62.58668199900329,64.16016608847463,2.225242539508639,2.225242539508639
0.6358717434869738,60.874039855301206,62.499526969052624,64.12501408280404,2.298785921729954,2.298785921729954
0.6377755511022043,60.768487125635104,62.453437570586466,64.13838801553783,2.3828797711767966,2.3828797711767966
0.6396793587174348,60.77285843670335,62.42762288468283,64.08238733266232,2.3401903248654152,2.3401903248654152
0.6415831663326653,60.74897846583822,62.33721229885988,63.925446131881536,2.246101826879034,2.246101826879034
0.6434869739478958,60.709202695459915,62.287449028102245,63.865695360744574,2.2319773683883817,2.2319773683883817
0.6453907815631262,60.728112033293385,62.302459072617964,63.876806111942535,2.2264629348947427,2.2264629348947427
0.6472945891783567,60.77714176686952,62.328246938867174,63.87935211086483,2.193593970906136,2.193593970906136
0.6491983967935872,60.772764096358124,62.32385214381972,63.87494019128131,2.1935697531549887,2.1935697531549887
0.6511022044088176,60.76749275993249,62.39854041351654,64.0295880671006,2.306649712575389,2.306649712575389
0.6530060120240481,60.837336671701784,62.46655965092869,64.0957826301556,2.30406923335259,2.30406923335259
0.6549098196392785,60.847411714109214,62.446496323148104,64.045580932187,2.2614471414848762,2.2614471414848762
0.656813627254509,60.79445837824332,62.4089739148399,64.02348945143648,2.2832697685169556,2.2832697685169556
0.6587174348697394,60.755961046236294,62.36961027167996,63.98325949712362,2.2820446195352675,2.2820446195352675
0.6606212424849699,60.74139857294162,62.32495337188939,63.90850817083716,2.2394846734329357,2.2394846734329357
0.6625250501002004,60.68265159165728,62.23928923788989,63.79592688412251,2.2014180710026925,2.2014180710026925
0.6644288577154308,60.60746069426007,62.17616930270525,63.74487791115043,2.2184889894746003,2.2184889894746003
0.6663326653306613,60.6989446519334,62.21451335892192,63.730082065910445,2.1433378201314217,2.1433378201314217
0.6682364729458917,60.7197871076243,62.197116741010674,63.67444637439706,2.0892596036306896,2.0892596036306896
0.6701402805611222,60.731315264663245,62.213964038326125,63.696612811989006,2.0967820039498832,2.0967820039498832
0.6720440881763526,60.81322113803203,62.312119733168565,63.8110183283051,2.119762721864071,2.119762721864071
0.6739478957915831,60.85393501919493,62.36724811505579,63.880561210916646,2.1401479042832423,2.1401479042832423
0.6758517034068136,60.8603696875169,62.3810713070136,63.90177292651029,2.1505968546149554,2.1505968546149554
0.677755511022044,60.79795521050971,62.33316745630039,63.86837970209107,2.1711179791184345,2.1711179791184345
0.6796593186372745,60.801569898670095,62.32098943971965,63.84040898076921,2.1487837218869887,2.1487837218869887
0.6815631262525049,60.75266675609052,62.261785464828236,63.770904173565945,2.134216145127846,2.134216145127846
0.6834669338677354,60.64981010912317,62.16199032000026,63.67417053087735,2.1385457629745837,2.1385457629745837
0.6853707414829658,60.51636164847922,62.08827578383346,63.6601899191877,2.223022289103945,2.223022289103945
0.6872745490981963,60.564492177395834,62.11849274216563,63.67249330693542,2.1976886746328916,2.1976886746328916
0.6891783567134268,60.62922854859541,62.15762443790392,63.68602032721244,2.1614781953353916,2.1614781953353916
0.6910821643286572,60.62970190445043,62.16207831198277,63.6944547195151,2.1671074981927907,2.1671074981927907
0.6929859719438877,60.75413242767735,62.255231767348505,63.75633110701966,2.1228750446322473,2.1228750446322473
0.6948897795591181,60.843180574137406,62.33687190255361,63.83056323096981,2.1123985346452763,2.1123985346452763
0.6967935871743486,60.85338688818832,62.37198774380812,63.890588599427915,2.147625925848905,2.147625925848905
0.698697394789579,60.82953512418401,62.37345776452641,63.91738040486881,2.1834363372270977,2.1834363372270977
0.7006012024048096,60.80766357253815,62.35805816462346,63.90845275670876,2.1925890591569446,2.1925890591569446
0.7025050100200401,60.75467503524051,62.3093137892818,63.863952543323094,2.198591210556006,2.198591210556006
0.7044088176352705,60.67932630008122,62.206865827278776,63.73440535447634,2.1602671164237712,2.1602671164237712
0.706312625250501,60.618506313332844,62.150328360041094,63.682150406749344,2.1663235135969194,2.1663235135969194
0.7082164328657314,60.599555531208686,62.150888603128905,63.70222167504912,2.1939162700674846,2.1939162700674846
0.7101202404809619,60.60743203847947,62.140642597921754,63.67385315736404,2.1682871671369197,2.1682871671369197
0.7120240480961924,60.67363179267503,62.15716083169426,63.640689870713494,2.0980268871553216,2.0980268871553216
0.7139278557114228,60.76327196678949,62.23142975777751,63.699587548765535,2.0762886597189865,2.0762886597189865
0.7158316633266533,60.817378304270136,62.29522994803924,63.77308159180835,2.089997837793643,2.089997837793643
0.7177354709418837,60.84575287437158,62.32149866429654,63.7972444542215,2.087019710726876,2.087019710726876
0.7196392785571142,60.81654232307854,62.30977014010477,63.802997957131,2.111743030551266,2.111743030551266
0.7215430861723446,60.778791284512586,62.31330564286387,63.84782000121514,2.170131017236624,2.170131017236624
0.7234468937875751,60.76248300856042,62.27085613342227,63.77922925828412,2.133161730298711,2.133161730298711
0.7253507014028056,60.731244896922625,62.19683082402925,63.66241675113587,2.072651494937333,2.072651494937333
0.727254509018036,60.70678106340006,62.16925584944916,63.631730635498265,2.0682516770593327,2.0682516770593327
0.7291583166332665,60.71460651228574,62.180659418206425,63.64671232412711,2.073311902709518,2.073311902709518
0.7310621242484969,60.728051346065705,62.16432080344879,63.60059026083187,2.031191745853403,2.031191745853403
0.7329659318637274,60.75715217665074,62.14340135727356,63.52965053789638,1.9604523920653811,1.9604523920653811
0.7348697394789578,60.84999507743014,62.26929064165864,63.68858620588715,2.007187035947927,2.007187035947927
0.7367735470941883,60.95201537709487,62.34378377935183,63.735552181608796,1.9682577501541325,1.9682577501541325
0.7386773547094188,60.98154371000501,62.355367373884285,63.729191037763556,1.9428800577671619,1.9428800577671619
0.7405811623246492,60.965393124504715,62.38605069418226,63.8067082638598,2.009113202525979,2.009113202525979
0.7424849699398797,60.95629351028112,62.394902576400284,63.833511642519454,2.034500452258618,2.034500452258618
0.7443887775551101,60.944704899097744,62.367250285200704,63.789795671303665,2.011782978118078,2.011782978118078
0.7462925851703406,60.852112765390835,62.264433540952524,63.67675431651421,1.9973231952206285,1.9973231952206285
0.748196392785571,60.73915229794642,62.19054896249921,63.641945627052,2.0525848473936326,2.0525848473936326
0.7501002004008015,60.76130265692621,62.18043773593806,63.5995728149499,2.0069600755779646,2.0069600755779646
0.752004008016032,60.74905269368341,62.14064108581077,63.532229477938124,1.9680031773874769,1.9680031773874769
0.7539078156312624,60.74514408725646,62.15236314488135,63.559582202506235,1.9901082765229994,1.9901082765229994
0.7558116232464929,60.87665604730446,62.25766910749873,63.638682167693,1.9530473995411086,1.9530473995411086
0.7577154308617233,60.968006526566306,62.324226018690425,63.68044551081454,1.9179839993166796,1.9179839993166796
0.7596192384769538,60.996217406250274,62.33010595752673,63.66399450880319,1.886403279909368,1.886403279909368
0.7615230460921842,60.979053347804914,62.37120268422218,63.76335202063945,1.9687964724100064,1.9687964724100064
0.7634268537074148,61.022004763105706,62.402823240371355,63.783641717637,1.9527722177244458,1.9527722177244458
0.7653306613226453,60.96054040511861,62.3486867557928,63.736833106466996,1.9631353956821642,1.9631353956821642
0.7672344689378757,60.84939413998636,62.2564112355268,63.66342833106724,1.9898226590040902,1.9898226590040902
0.7691382765531062,60.765578906405594,62.21046164079935,63.65534437519312,2.0433727590183803,2.0433727590183803
0.7710420841683366,60.80709505300638,62.22531958425124,63.6435441154961,2.0056723665767064,2.0056723665767064
0.7729458917835671,60.81834112585506,62.20589582046209,63.59345051506911,1.962298667647709,1.962298667647709
0.7748496993987976,60.75642390947677,62.20881548809304,63.66120706670931,2.0539918683555958,2.0539918683555958
0.776753507014028,60.96630009440532,62.35194192056133,63.737583746717334,1.959593463141248,1.959593463141248
0.7786573146292585,61.06624609241179,62.39884701869801,63.73144794498423,1.8845823031849245,1.8845823031849245
0.7805611222444889,61.096240890146916,62.42765802381521,63.7590751574835,1.882908167609611,1.882908167609611
0.7824649298597194,61.18402582430277,62.497974595077736,63.81192336585269,1.8582041718934057,1.8582041718934057
0.7843687374749498,61.19254156718424,62.50558647578892,63.81863138439358,1.8569259177536657,1.8569259177536657
0.7862725450901803,61.15647484258601,62.47441944380451,63.792364045023014,1.8638551294996075,1.8638551294996075
0.7881763527054108,61.03529399595428,62.405485561398415,63.77567712684255,1.937743494900322,1.937743494900322
0.7900801603206412,61.06532956056454,62.42060104009776,63.77587251963097,1.916643307053323,1.916643307053323
0.7919839679358717,61.07559449208656,62.41112876770621,63.74666304332586,1.888730685595437,1.888730685595437
0.7938877755511021,61.025839677215295,62.36514016471305,63.7044406522108,1.894056913512219,1.894056913512219
0.7957915831663326,60.98773439448332,62.343930729611884,63.70012706474046,1.9179512503795095,1.9179512503795095
0.797695390781563,61.07849652948202,62.39458994216734,63.71068335485267,1.8612371535694792,1.8612371535694792
0.7995991983967935,61.151813063954,62.43634452736106,63.72087599076812,1.816601816845223,1.816601816845223
0.801503006012024,61.16592075707185,62.45157806733293,63.737235377594004,1.8181940047353278,1.8181940047353278
0.8034068136272544,61.267147029233804,62.53514428975805,63.803141550282305,1.7932189228853257,1.7932189228853257
0.8053106212424849,61.30801464722616,62.58644024894941,63.86486585067266,1.807966824442004,1.807966824442004
0.8072144288577153,61.28719750464508,62.59147724560666,63.895756986568244,1.8445300987963378,1.8445300987963378
0.8091182364729458,61.22771285818732,62.548794952543545,63.869877046899774,1.8682922148468308,1.8682922148468308
0.8110220440881762,61.18400438390655,62.52099407006337,63.85798375622018,1.890788946915917,1.890788946915917
0.8129258517034067,61.19277977944454,62.53102774739783,63.86927571535111,1.8925684260977675,1.8925684260977675
0.8148296593186372,61.1787442416958,62.4863608250613,63.79397740842679,1.8492491065794505,1.8492491065794505
0.8167334669338676,61.19038739020851,62.482170364521465,63.77395333883442,1.8268570019160366,1.8268570019160366
0.8186372745490981,61.25803799285076,62.543276210307894,63.82851442776502,1.8176013180080959,1.8176013180080959
0.8205410821643285,61.289344815968825,62.554914405954364,63.8204839959399,1.789785678284506,1.789785678284506
0.8224448897795591,61.32339654682896,62.54423143535446,63.765066323879964,1.7265212567710106,1.7265212567710106
0.8243486973947896,61.38087124225265,62.60543726781762,63.83000329338258,1.7317978813752912,1.7317978813752912
0.82625250501002,61.4120988844484,62.67725902682959,63.94241916921078,1.7892066319293565,1.7892066319293565
0.8281563126252505,61.41605899831036,62.69010729966519,63.964155601020025,1.8017763868944066,1.8017763868944066
0.8300601202404809,61.34616602187786,62.63824428093612,63.930322539994386,1.8272745976076101,1.8272745976076101
0.8319639278557114,61.31376284522629,62.65061593190414,63.98746901858198,1.8905957660801431,1.8905957660801431
0.8338677354709418,61.332552754514076,62.63885712180626,63.945161489098446,1.847393352811813,1.847393352811813
0.8357715430861723,61.362930476380185,62.616558461166946,63.870186445953706,1.7728976982558886,1.7728976982558886
0.8376753507014028,61.320057793861615,62.58978480802739,63.859511822193156,1.7956651639447274,1.7956651639447274
0.8395791583166332,61.317943874564826,62.61495860810476,63.91197334164468,1.8342558267698925,1.8342558267698925
0.8414829659318637,61.36401601246577,62.62995819333692,63.89590037420806,1.790312601368149,1.790312601368149
0.8433867735470941,61.38496093955913,62.61134799176688,63.83773504397463,1.7343732019509635,1.7343732019509635
0.8452905811623246,61.43032990036457,62.70600663469345,63.98168336902233,1.804079338891721,1.804079338891721
0.847194388777555,61.53719081462028,62.79479945512021,64.05240809562015,1.7785271955525983,1.7785271955525983
0.8490981963927855,61.60428866058502,62.84306659633161,64.0818445320782,1.7518965575013694,1.7518965575013694
0.851002004008016,61.54814964971967,62.83650438502842,64.12485912033716,1.8220087398212292,1.8220087398212292
0.8529058116232464,61.48620004946799,62.840992351592135,64.19578465371629,1.91596564786264,1.91596564786264
0.8548096192384769,61.52903827503144,62.857785146145034,64.18653201725863,1.87913184608966,1.87913184608966
0.8567134268537073,61.48989079925473,62.772373712095984,64.05485662493723,1.813704728851847,1.813704728851847
0.8586172344689378,61.41638019454597,62.76952738553106,64.12267457651616,1.913639109378177,1.913639109378177
0.8605210420841682,61.48964889314064,62.81260974170845,64.13557059027626,1.8709491745332152,1.8709491745332152
0.8624248496993987,61.51623835857702,62.80643230663392,64.09662625469082,1.8246097794337552,1.8246097794337552
0.8643286573146292,61.49285718458226,62.78913900538816,64.08542082619405,1.8332193316413865,1.8332193316413865
0.8662324649298596,61.495148447277344,62.8327796214084,64.17041079553945,1.8916961479091843,1.8916961479091843
0.8681362725450901,61.66175225792041,62.94244300397093,64.22313375002145,1.8111702222703587,1.8111702222703587
0.8700400801603205,61.67595397625168,62.939203106144376,64.20245223603708,1.786504052150267,1.786504052150267
0.871943887775551,61.63162709316221,62.980999035714376,64.33037097826654,1.9083001018430041,1.9083001018430041
0.8738476953907814,61.636700493005634,63.00697445941894,64.37724842583225,1.9378600274684747,1.9378600274684747
0.8757515030060119,61.68777576727715,63.02767981928129,64.36758387128542,1.89491048262291,1.89491048262291
0.8776553106212424,61.69445523743789,63.00000850944383,64.30556178144977,1.8463311436713672,1.8463311436713672
0.8795591182364728,61.592152971200505,62.94598544887717,64.29981792655383,1.9146082511115052,1.9146082511115052
0.8814629258517033,61.690960525766336,62.989766235413214,64.28857194506008,1.836788649470222,1.836788649470222
0.8833667334669337,61.73580561568433,62.974477565233634,64.21314951478294,1.7517466703837519,1.7517466703837519
0.8852705410821643,61.73656159074594,62.96801016842103,64.19945874609611,1.7415312799131628,1.7415312799131628
0.8871743486973948,61.891177481233825,63.0888296016081,64.28648172198237,1.6937358716381903,1.6937358716381903
0.8890781563126252,61.95107079801784,63.145845046994545,64.34061929597125,1.6896659468769875,1.6896659468769875
0.8909819639278557,61.97368978478906,63.17216447335994,64.37063916193082,1.6948991587378142,1.6948991587378142
0.8928857715430861,61.99915127915375,63.29138531502272,64.5836193508917,1.8274948992860214,1.8274948992860214
0.8947895791583166,62.060358870735655,63.35568891263611,64.65101895453657,1.831873313004935,1.831873313004935
0.896693386773547,62.06473858540811,63.34938557568778,64.63403256596746,1.8167651965152949,1.8167651965152949
0.8985971943887775,61.96457760232703,63.2578733540181,64.55116910570918,1.8289963922010215,1.8289963922010215
0.900501002004008,61.88542020467193,63.197190692392326,64.50896118011272,1.8551236144549519,1.8551236144549519
0.9024048096192384,61.890871443769385,63.1884077803959,64.48594411702241,1.834993484929118,1.834993484929118
0.9043086172344689,61.89428966367496,63.18022812185474,64.46616658003451,1.8185916079349846,1.8185916079349846
0.9062124248496993,61.83643458383419,63.15457067585902,64.47270676788385,1.864125938394984,1.864125938394984
0.9081162324649298,61.92631597305667,63.217495255857386,64.50867453865811,1.8260032531919483,1.8260032531919483
0.9100200400801602,62.01103922697951,63.2823846137922,64.55373000060489,1.7979538884909705,1.7979538884909705
0.9119238476953907,62.03142507914324,63.320460396857726,64.6094957145722,1.8229712286897326,1.8229712286897326
0.9138276553106212,62.08450320737084,63.37877746691174,64.67305172645266,1.8303802112731493,1.8303802112731493
0.9157314629258516,62.16422980062735,63.44416220354381,64.72409460646027,1.8100977631252397,1.8100977631252397
0.9176352705410821,62.17863776711717,63.472649773115975,64.76666177911478,1.8300093287571255,1.8300093287571255
0.9195390781563125,62.149714510238475,63.432746622944194,64.71577873564992,1.8144814147486383,1.8144814147486383
0.921442885771543,62.14290046097462,63.426882217123776,64.71086397327292,1.815824413385751,1.815824413385751
0.9233466933867734,62.17349153003625,63.46382423220555,64.75415693437486,1.824806007381355,1.824806007381355
0.9252505010020039,62.1571554083488,63.43354119163678,64.70992697492476,1.8050820855460645,1.8050820855460645
0.9271543086172344,62.137031052175125,63.410607523046366,64.6841839939176,1.8011091178253669,1.8011091178253669
0.9290581162324648,62.2265216687687,63.51058500944368,64.79464835011866,1.815939791328665,1.815939791328665
0.9309619238476953,62.302368106996,63.590059185120346,64.87775026324469,1.8210701868302839,1.8210701868302839
0.9328657314629257,62.3681508507146,63.63508862827349,64.90202640583239,1.7917205877066156,1.7917205877066156
0.9347695390781562,62.42528459397384,63.6926405091144,64.95999642425495,1.7923119235455391,1.7923119235455391
0.9366733466933866,62.47970072158044,63.78910879020314,65.09851685882583,1.851782649326975,1.851782649326975
0.9385771543086171,62.516948174384595,63.798694384165536,65.08044059394648,1.8126628733925172,1.8126628733925172
0.9404809619238476,62.50625487727042,63.746356928878846,64.98645898048727,1.7537691401113338,1.7537691401113338
0.942384769539078,62.419855916516084,63.6912434343003,64.96263095208451,1.798013470682298,1.798013470682298
0.9442885771543086,62.3921506231378,63.698287847072564,65.00442507100732,1.8471569764088798,1.8471569764088798
0.946192384769539,62.409607766955716,63.6956529624913,64.98169815802689,1.8187425573511842,1.8187425573511842
0.9480961923847695,62.35251567894627,63.61918933276942,64.88586298659257,1.7913470603373831,1.7913470603373831
0.95,62.37560955325704,63.696993309224624,65.0183770651922,1.868718828788848,1.868718828788848
