level_0,index,Time(sec),Force(kN),Jaw(mm),PowAngle(deg),Power(W),Pram,PTemp,Strain,Stress(MPa),Stroke(mm),TC1(C),wedge(mm)
1774,1774,145.3667,1.1697621,0.0090850368,0.0,0,9.0044422,0.0,0.00034193476,13.221002,9.9895821,300.78027,-9.3248425
1775,1775,145.3669,2.6062984,0.022709379,0.0,0,8.9751787,0.0,0.0014390593,28.773901,9.9483929,300.83792,-9.3242054
1776,1776,145.3671,4.3669977,0.055429477,0.0,0,8.9459143,0.0,0.0034001493,51.018879,9.9177094,300.89557,-9.323473
1777,1777,145.3673,5.4786444,0.081910416,0.0,0,8.9166508,0.0,0.004877578,67.066635,9.8912134,300.95319,-9.3231211
1778,1778,145.3675,6.0283017,0.10262972,0.0,0,8.8873863,0.0,0.0066933464,74.986404,9.861083,301.01083,-9.3223629
1779,1779,145.3677,6.4732265,0.1376209,0.0,0,8.8581219,0.0,0.0089353425,80.440422,9.8255615,301.06848,-9.3219576
1780,1780,145.3679,7.0650787,0.1944975,0.0,0,8.8288584,0.0,0.011987154,87.384674,9.7862291,301.1261,-9.3211899
1781,1781,145.3681,7.4649911,0.26706052,0.0,0,8.7995939,0.0,0.016995639,92.630013,9.7434559,301.18375,-9.3203602
1782,1782,145.3683,7.6501145,0.33340281,0.0,0,8.7703304,0.0,0.021935046,94.859306,9.6963987,301.24136,-9.3197479
1783,1783,145.3685,7.9067864,0.37756398,0.0,0,8.7416534,0.0,0.024808284,97.40937,9.6475267,301.29901,-9.3195724
1784,1784,145.3687,8.3719501,0.41452417,0.0,0,8.7136879,0.0,0.027457312,102.63782,9.5964375,301.35666,-9.3191252
1785,1785,145.3689,8.7414026,0.46350494,0.0,0,8.6858492,0.0,0.030952251,107.12959,9.5475054,301.41428,-9.3185053
1786,1786,145.3691,8.9396152,0.51451308,0.0,0,8.6580172,0.0,0.034084674,109.52855,9.4996624,301.47192,-9.3180056
1787,1787,145.3693,9.2819519,0.54508704,0.0,0,8.6301851,0.0,0.036528334,112.95089,9.4523716,301.52957,-9.3177872
1788,1788,145.3695,9.6441574,0.55628312,0.0,0,8.6023531,0.0,0.037936956,117.5085,9.413949,301.58719,-9.3172369
1789,1789,145.3697,9.6544418,0.57233876,0.0,0,8.574522,0.0,0.038553711,118.51215,9.378974,301.64484,-9.3159409
1790,1790,145.3699,9.414608,0.60045606,0.0,0,8.546689,0.0,0.040187769,115.61593,9.346242,301.70245,-9.316433
1791,1791,145.3701,9.4169731,0.63299108,0.0,0,8.518857,0.0,0.042894259,114.61691,9.3186417,301.7601,-9.317893
1792,1792,145.3703,9.6504068,0.66833168,0.0,0,8.4910259,0.0,0.045162011,116.88012,9.2895164,301.81775,-9.318428
1793,1793,145.3705,9.8467646,0.69091201,0.0,0,8.4631929,0.0,0.046678092,119.30449,9.2593565,301.87537,-9.3184948
1794,1794,145.3707,10.037052,0.70354307,0.0,0,8.4353609,0.0,0.048033461,121.30593,9.2304287,301.93301,-9.3181343
1795,1795,145.3709,10.293255,0.73957378,0.0,0,8.4075298,0.0,0.050010592,124.03242,9.1978664,301.99063,-9.3173685
1796,1796,145.3711,10.453019,0.79523015,0.0,0,8.3796968,0.0,0.053284135,125.87029,9.1609602,302.04828,-9.3166647
1797,1797,145.3713,10.340745,0.8474769,0.0,0,8.3518648,0.0,0.057504077,124.67066,9.1210833,302.10593,-9.3158407
1798,1798,145.3715,10.114444,0.90015411,0.0,0,8.3240337,0.0,0.061361965,121.61005,9.0785971,302.16354,-9.3156061
1799,1799,145.3717,10.103897,0.94637382,0.0,0,8.2962017,0.0,0.064223863,120.51905,9.0352783,302.22119,-9.3162632
1800,1800,145.3719,10.334159,0.97965664,0.0,0,8.2683697,0.0,0.066966549,122.51146,8.9928589,302.27884,-9.3165026
1801,1801,145.3721,10.486087,1.0222548,0.0,0,8.2405376,0.0,0.070131019,124.2597,8.9535294,302.33646,-9.3166351
1802,1802,145.3723,10.460711,1.0619305,0.0,0,8.2127056,0.0,0.072639421,123.92935,8.913763,302.3941,-9.3171759
1803,1803,145.3725,10.509729,1.0718719,0.0,0,8.1848736,0.0,0.073942758,123.96934,8.8775053,302.45172,-9.3179302
1804,1804,145.3727,10.751703,1.0816581,0.0,0,8.1570415,0.0,0.07492277,126.35678,8.8456907,302.50937,-9.3183184
1805,1805,145.3729,10.916716,1.1067809,0.0,0,8.1292095,0.0,0.076002657,128.56902,8.8153667,302.56702,-9.3173542
1806,1806,145.3731,10.828257,1.1300635,0.0,0,8.1013775,0.0,0.077764288,127.94794,8.7872581,302.62463,-9.3169355
1807,1807,145.3733,10.697309,1.1613271,0.0,0,8.0735455,0.0,0.080440737,125.99458,8.7610731,302.68228,-9.3164644
1808,1808,145.3735,10.732053,1.1937256,0.0,0,8.0462685,0.0,0.082361706,125.67101,8.7359552,302.73993,-9.3164492
1809,1809,145.3737,10.911518,1.2097362,0.0,0,8.0196619,0.0,0.083573699,127.36578,8.7090254,302.79755,-9.3164244
1810,1810,145.3739,11.040557,1.2373143,0.0,0,7.993176,0.0,0.085867077,128.81738,8.680541,302.85519,-9.3157167
1811,1811,145.3741,11.067543,1.2836238,0.0,0,7.9666953,0.0,0.088691078,128.95578,8.652194,302.91281,-9.3155394
1812,1812,145.3743,11.114555,1.3216037,0.0,0,7.9402156,0.0,0.091445111,129.05272,8.6194506,302.97046,-9.3149748
1813,1813,145.3745,11.152799,1.3583628,0.0,0,7.9137359,0.0,0.094668835,129.16309,8.583951,303.02811,-9.3150377
1814,1814,145.3747,11.095923,1.3983256,0.0,0,7.8872557,0.0,0.097315699,128.36212,8.5502195,303.08572,-9.3161297
1815,1815,145.3749,11.020861,1.4287258,0.0,0,7.8607755,0.0,0.09930484,127.18445,8.5160036,303.14337,-9.3167
1816,1816,145.3751,11.066709,1.4627407,0.0,0,7.8342957,0.0,0.10229009,126.96053,8.4804688,303.20712,-9.3170214
1817,1817,145.3753,11.157241,1.500962,0.0,0,7.8078156,0.0,0.10507675,127.68031,8.4468956,303.27701,-9.3173485
1818,1818,145.3755,11.174508,1.5214498,0.0,0,7.7813354,0.0,0.10636792,128.01332,8.4156561,303.34686,-9.3172598
1819,1819,145.3757,11.198463,1.5334156,0.0,0,7.7548552,0.0,0.1077795,127.99008,8.3859339,303.41675,-9.3170576
1820,1820,145.3759,11.31817,1.5550402,0.0,0,7.7283754,0.0,0.10936543,128.88808,8.3597832,303.4866,-9.3165951
1821,1821,145.3761,11.429727,1.5819787,0.0,0,7.7018952,0.0,0.11078317,130.09451,8.3325844,303.55649,-9.3164158
1822,1822,145.3763,11.414923,1.6102185,0.0,0,7.675415,0.0,0.11320975,129.88885,8.309516,303.62637,-9.3166409
1823,1823,145.3765,11.349657,1.6368904,0.0,0,7.6489348,0.0,0.1155265,128.86061,8.2862883,303.69623,-9.3162127
1824,1824,145.3767,11.382804,1.65693,0.0,0,7.6224551,0.0,0.11654051,128.84372,8.2576151,303.76611,-9.3150778
1825,1825,145.3769,11.52183,1.6755713,0.0,0,7.5959754,0.0,0.11804302,130.02898,8.2322197,303.83597,-9.3143301
1826,1826,145.3771,11.630391,1.7033873,0.0,0,7.5694952,0.0,0.12043664,131.11703,8.2095661,303.90585,-9.3148708
1827,1827,145.3773,11.62531,1.7404113,0.0,0,7.543015,0.0,0.12255659,131.03423,8.1842566,303.97574,-9.3155947
1828,1828,145.3775,11.594741,1.7733762,0.0,0,7.5165353,0.0,0.12509046,130.35388,8.1565714,304.04559,-9.3162451
1829,1829,145.3777,11.63071,1.7995311,0.0,0,7.4900556,0.0,0.12771495,130.26266,8.1282749,304.11548,-9.3168249
1830,1830,145.3779,11.666566,1.8301557,0.0,0,7.4635754,0.0,0.12958251,130.46051,8.096076,304.18533,-9.3168192
1831,1831,145.3781,11.656916,1.8620093,0.0,0,7.4370952,0.0,0.13182445,130.18771,8.0635433,304.25522,-9.3165197
1832,1832,145.3783,11.633227,1.8892077,0.0,0,7.410615,0.0,0.13449839,129.59805,8.0363235,304.3251,-9.3160896
1833,1833,145.3785,11.653068,1.9172065,0.0,0,7.3846664,0.0,0.13637534,129.42357,8.0100164,304.39496,-9.3165359
1834,1834,145.3787,11.729156,1.9353223,0.0,0,7.3593612,0.0,0.13755345,129.98495,7.984921,304.46484,-9.3170691
1835,1835,145.3789,11.824125,1.9441168,0.0,0,7.3341722,0.0,0.13888511,130.82086,7.9579096,304.5347,-9.3160839
1836,1836,145.3791,11.886075,1.9696317,0.0,0,7.3089881,0.0,0.14052704,131.3849,7.9303107,304.60458,-9.3147621
1837,1837,145.3793,11.894421,2.0020769,0.0,0,7.2838039,0.0,0.14246064,131.42714,7.9048223,304.67447,-9.3146276
1838,1838,145.3795,11.883195,2.0219061,0.0,0,7.2586198,0.0,0.14459676,131.00806,7.8809509,304.74432,-9.3146849
1839,1839,145.3797,11.882781,2.0460443,0.0,0,7.2334356,0.0,0.14644803,130.67599,7.8614702,304.81421,-9.3150454
1840,1840,145.3799,11.902253,2.0724616,0.0,0,7.2082515,0.0,0.14791985,130.62601,7.8400321,304.88406,-9.3154535
1841,1841,145.3801,11.936966,2.0896716,0.0,0,7.1830673,0.0,0.14976421,130.73466,7.8171029,304.95395,-9.3154459
1842,1842,145.3803,12.001151,2.1197758,0.0,0,7.1578832,0.0,0.15220095,131.09041,7.7916265,305.02383,-9.3153305
1843,1843,145.3805,12.085208,2.1550851,0.0,0,7.1326995,0.0,0.15430027,131.69409,7.7640781,305.09369,-9.3152103
1844,1844,145.3807,12.139552,2.1728401,0.0,0,7.1075153,0.0,0.15609851,132.10051,7.7384553,305.16357,-9.3154507
1845,1845,145.3809,12.142987,2.1980226,0.0,0,7.0823312,0.0,0.15834215,132.00266,7.7119865,305.23343,-9.3155584
1846,1846,145.3811,12.12826,2.2331917,0.0,0,7.0571475,0.0,0.16041236,131.66103,7.6831708,305.30331,-9.315588
1847,1847,145.3813,12.121905,2.2561445,0.0,0,7.0319633,0.0,0.16247299,131.21265,7.6532407,305.3732,-9.3156309
1848,1848,145.3815,12.127222,2.2832994,0.0,0,7.0067792,0.0,0.16512182,130.86284,7.6275177,305.44305,-9.3152189
1849,1849,145.3817,12.145635,2.3120048,0.0,0,6.981595,0.0,0.16685422,130.81508,7.6037364,305.51294,-9.3152027
1850,1850,145.3819,12.180955,2.3240306,0.0,0,6.9564114,0.0,0.16785638,130.98302,7.5800691,305.58279,-9.3150778
1851,1851,145.3821,12.249578,2.3431687,0.0,0,6.9312277,0.0,0.16980614,131.4491,7.5555944,305.65268,-9.3150291
1852,1852,145.3823,12.327658,2.3746924,0.0,0,6.9060431,0.0,0.17173798,132.06157,7.53192,305.72256,-9.3155613
1853,1853,145.3825,12.363385,2.3954446,0.0,0,6.8808594,0.0,0.17330733,132.258,7.5078149,305.79242,-9.3150864
1854,1854,145.3827,12.364279,2.4151025,0.0,0,6.8556757,0.0,0.1755345,132.00662,7.4831219,305.8623,-9.3150597
1855,1855,145.3829,12.367624,2.4406192,0.0,0,6.830492,0.0,0.17730474,131.80022,7.4602981,305.93216,-9.3153324
1856,1856,145.3831,12.38343,2.4592474,0.0,0,6.8053074,0.0,0.17845595,131.87712,7.4365549,306.00204,-9.3150835
1857,1857,145.3833,12.409781,2.4833305,0.0,0,6.7801232,0.0,0.18079275,131.82649,7.4107971,306.07193,-9.3151875
1858,1858,145.3835,12.440351,2.5159817,0.0,0,6.7554417,0.0,0.18327819,131.72153,7.3870745,306.14178,-9.3148441
1859,1859,145.3837,12.483457,2.5395098,0.0,0,6.7313671,0.0,0.18475986,131.93797,7.3634763,306.21167,-9.3149948
1860,1860,145.3839,12.539041,2.5600557,0.0,0,6.7074022,0.0,0.18687829,132.25279,7.3376408,306.28152,-9.3156214
1861,1861,145.3841,12.567738,2.5871909,0.0,0,6.6834416,0.0,0.18918726,132.35394,7.3148279,306.35141,-9.315383
1862,1862,145.3843,12.569303,2.6141758,0.0,0,6.6594815,0.0,0.19082627,132.18484,7.2895517,306.4213,-9.3159027
1863,1863,145.3845,12.579041,2.6395454,0.0,0,6.6355219,0.0,0.19318992,131.94954,7.2627296,306.49115,-9.3167372
1864,1864,145.3847,12.615844,2.6644945,0.0,0,6.6115613,0.0,0.19553165,131.98697,7.2378378,306.56104,-9.3169794
1865,1865,145.3849,12.648399,2.6854753,0.0,0,6.5876017,0.0,0.19670609,132.20454,7.2149491,306.63089,-9.3171864
1866,1866,145.3851,12.670658,2.7047889,0.0,0,6.5636415,0.0,0.19844672,132.26315,7.1920028,306.66492,-9.3170481
1867,1867,145.3853,12.707409,2.728678,0.0,0,6.5396819,0.0,0.20079114,132.30209,7.1663017,306.66309,-9.3165121
1868,1868,145.3855,12.739336,2.7567909,0.0,0,6.5157218,0.0,0.20244998,132.4187,7.142518,306.66125,-9.3162174
1869,1869,145.3857,12.768245,2.7791326,0.0,0,6.4917622,0.0,0.20434831,132.4924,7.1212163,306.65942,-9.3158951
1870,1870,145.3859,12.797793,2.7968121,0.0,0,6.467802,0.0,0.20642574,132.48228,7.0981159,306.65756,-9.3150129
1871,1871,145.3861,12.829975,2.8223345,0.0,0,6.4438419,0.0,0.20794991,132.55698,7.0737205,306.65573,-9.3148756
1872,1872,145.3863,12.865599,2.8486605,0.0,0,6.4198818,0.0,0.20985317,132.69899,7.0478082,306.6539,-9.315053
1873,1873,145.3865,12.901271,2.8705442,0.0,0,6.3959212,0.0,0.21234958,132.72737,7.0233951,306.65207,-9.314992
1874,1874,145.3867,12.929694,2.8997905,0.0,0,6.3719616,0.0,0.21436639,132.75836,7.0012879,306.65024,-9.3153267
1875,1875,145.3869,12.95582,2.9253738,0.0,0,6.3480015,0.0,0.21611594,132.86525,6.9805088,306.64841,-9.3161888
1876,1876,145.3871,12.99898,2.9430242,0.0,0,6.3240418,0.0,0.21831729,133.04424,6.9553328,306.64658,-9.3169937
1877,1877,145.3873,13.027422,2.9728703,0.0,0,6.3000817,0.0,0.22051659,133.03455,6.9269824,306.64474,-9.3166256
1878,1878,145.3875,13.022959,3.0044863,0.0,0,6.2761221,0.0,0.22260267,132.7018,6.8998666,306.64288,-9.3165255
1879,1879,145.3877,13.021606,3.0229459,0.0,0,6.252162,0.0,0.22485399,132.36707,6.8759513,306.64105,-9.3163567
1880,1880,145.3879,13.047662,3.047143,0.0,0,6.2282019,0.0,0.22687092,132.32022,6.8525577,306.63922,-9.3158503
1881,1881,145.3881,13.097267,3.0744374,0.0,0,6.2042422,0.0,0.22846657,132.65247,6.8257113,306.63739,-9.3164091
1882,1882,145.3883,13.151754,3.0897844,0.0,0,6.1802821,0.0,0.23032108,132.9343,6.8020692,306.63556,-9.317008
1883,1883,145.3885,13.199569,3.1150913,0.0,0,6.1568027,0.0,0.23261678,133.0831,6.7791438,306.63373,-9.3164854
1884,1884,145.3887,13.235262,3.1458066,0.0,0,6.1339049,0.0,0.23446463,133.2204,6.75667,306.6319,-9.3157682
1885,1885,145.3889,13.264668,3.1598115,0.0,0,6.1111121,0.0,0.23612222,133.34079,6.7321334,306.63007,-9.3157005
1886,1886,145.3891,13.288211,3.1813278,0.0,0,6.0883236,0.0,0.23830822,133.33611,6.7051659,306.62823,-9.3156109
1887,1887,145.3893,13.30513,3.2123291,0.0,0,6.065536,0.0,0.24018471,133.25999,6.6800356,306.62637,-9.3157511
1888,1888,145.3895,13.316385,3.2309186,0.0,0,6.042748,0.0,0.24203523,133.1541,6.6554928,306.62454,-9.3164654
1889,1889,145.3897,13.334701,3.2562416,0.0,0,6.0199599,0.0,0.2447274,132.89212,6.6323981,306.62271,-9.3163557
1890,1890,145.3899,13.379495,3.2886581,0.0,0,5.9971719,0.0,0.24682994,132.96155,6.6098967,306.62088,-9.3160791
1891,1891,145.3901,13.438315,3.3067482,0.0,0,5.9743834,0.0,0.24840316,133.33324,6.5843534,306.61905,-9.3168173
1892,1892,145.3903,13.490265,3.3308749,0.0,0,5.9515953,0.0,0.25107241,133.51057,6.5601735,306.61722,-9.3170128
1893,1893,145.3905,13.525715,3.3661506,0.0,0,5.9288077,0.0,0.25351951,133.57307,6.5347838,306.61539,-9.3168421
1894,1894,145.3907,13.538468,3.3878658,0.0,0,5.9060202,0.0,0.25522402,133.49854,6.5062132,306.61356,-9.31637
1895,1895,145.3909,13.543972,3.4085197,0.0,0,5.8832321,0.0,0.25772566,133.25105,6.4827428,306.61169,-9.3157673
1896,1896,145.3911,13.566675,3.43735,0.0,0,5.8604436,0.0,0.25987926,133.15442,6.459075,306.60986,-9.3150682
1897,1897,145.3913,13.593933,3.4579542,0.0,0,5.8376555,0.0,0.26121387,133.23158,6.4341035,306.60803,-9.3146029
1898,1898,145.3915,13.612935,3.479064,0.0,0,5.8148675,0.0,0.2637091,133.10576,6.4114275,306.6062,-9.3151407
1899,1899,145.3917,13.638201,3.507519,0.0,0,5.792079,0.0,0.26616454,132.97334,6.3866854,306.60437,-9.315752
1900,1900,145.3919,13.681659,3.5279825,0.0,0,5.7692914,0.0,0.26743135,133.21573,6.3611689,306.60254,-9.3158607
1901,1901,145.3921,13.734259,3.5466707,0.0,0,5.7465038,0.0,0.26957697,133.46466,6.3375444,306.60071,-9.3158703
1902,1902,145.3923,13.78044,3.5739396,0.0,0,5.7237153,0.0,0.27205482,133.61319,6.3144236,306.59888,-9.3165541
1903,1903,145.3925,13.804158,3.5995421,0.0,0,5.7009277,0.0,0.27368799,133.69176,6.2894483,306.59702,-9.3166294
1904,1904,145.3927,13.811548,3.6221268,0.0,0,5.6781397,0.0,0.27606559,133.45157,6.264873,306.59518,-9.3164377
1905,1905,145.3929,13.830608,3.6470211,0.0,0,5.6553516,0.0,0.27858767,133.22836,6.24119,306.59335,-9.315959
1906,1906,145.3931,13.866257,3.671411,0.0,0,5.6325636,0.0,0.28008589,133.3214,6.2183595,306.59152,-9.315239
1907,1907,145.3933,13.894831,3.6943157,0.0,0,5.6097755,0.0,0.28222969,133.34473,6.1939359,306.58969,-9.3159924
1908,1908,145.3935,13.919384,3.7192874,0.0,0,5.5874419,0.0,0.28491873,133.22276,6.1682992,306.58786,-9.3161917
1909,1909,145.3937,13.961963,3.747525,0.0,0,5.5656581,0.0,0.28677252,133.34901,6.1439166,306.58603,-9.3156834
1910,1910,145.3939,13.994837,3.7702067,0.0,0,5.5439739,0.0,0.28878284,133.42345,6.1212039,306.5842,-9.3161793
1911,1911,145.3941,14.020881,3.7888737,0.0,0,5.5222936,0.0,0.29125732,133.34328,6.0971465,306.58237,-9.3169098
1912,1912,145.3943,14.059449,3.8159423,0.0,0,5.5006137,0.0,0.29306009,133.47458,6.0733056,306.58051,-9.3168058
1913,1913,145.3945,14.092935,3.8410754,0.0,0,5.4789333,0.0,0.29500875,133.51874,6.0501971,306.57867,-9.3166361
1914,1914,145.3947,14.115295,3.8597322,0.0,0,5.4572535,0.0,0.29757696,133.40039,6.0257769,306.57684,-9.316968
1915,1915,145.3949,14.13276,3.8868816,0.0,0,5.4355736,0.0,0.29956377,133.37823,6.0038462,306.57501,-9.3164825
1916,1916,145.3951,14.158712,3.9117153,0.0,0,5.4138937,0.0,0.30133396,133.37196,5.9798784,306.5459,-9.3157358
1917,1917,145.3953,14.193541,3.9272575,0.0,0,5.3922133,0.0,0.3036088,133.32854,5.954596,306.48953,-9.315424
1918,1918,145.3955,14.225893,3.9548206,0.0,0,5.3705335,0.0,0.30581865,133.35698,5.9314981,306.4332,-9.3153982
1919,1919,145.3957,14.248014,3.9847891,0.0,0,5.3488536,0.0,0.30779004,133.3526,5.9103718,306.37683,-9.3154812
1920,1920,145.3959,14.272043,4.0009904,0.0,0,5.3271737,0.0,0.31003839,133.28143,5.8864384,306.32047,-9.3160324
1921,1921,145.3961,14.310912,4.0257974,0.0,0,5.3054934,0.0,0.31229964,133.25122,5.8618388,306.2641,-9.3166485
1922,1922,145.3963,14.34836,4.053823,0.0,0,5.2838135,0.0,0.31409433,133.32843,5.8401356,306.20773,-9.3174648
1923,1923,145.3965,14.379071,4.0680017,0.0,0,5.2621331,0.0,0.31608763,133.42451,5.8163333,306.15137,-9.3176413
1924,1924,145.3967,14.407469,4.0932422,0.0,0,5.2404532,0.0,0.31857809,133.37653,5.7924542,306.095,-9.317337
1925,1925,145.3969,14.431906,4.1236806,0.0,0,5.2187734,0.0,0.32052228,133.32719,5.7702818,306.03864,-9.3173819
1926,1926,145.3971,14.460972,4.1380711,0.0,0,5.1970935,0.0,0.32235089,133.29849,5.7457829,305.98227,-9.3164034
1927,1927,145.3973,14.488023,4.1611991,0.0,0,5.1754136,0.0,0.32495835,133.192,5.7217617,305.9259,-9.315568
1928,1928,145.3975,14.51388,4.1934242,0.0,0,5.1537337,0.0,0.32702425,133.19333,5.699708,305.86957,-9.3158007
1929,1929,145.3977,14.542389,4.2108831,0.0,0,5.1320534,0.0,0.32884926,133.22775,5.6772785,305.8132,-9.3160028
1930,1930,145.3979,14.575425,4.2338605,0.0,0,5.1103735,0.0,0.33168256,133.10576,5.6536398,305.75684,-9.3160477
1931,1931,145.3981,14.616208,4.2645721,0.0,0,5.0886931,0.0,0.33384186,133.15416,5.6303792,305.70047,-9.3165646
1932,1932,145.3983,14.658116,4.281177,0.0,0,5.0670133,0.0,0.33538181,133.35699,5.606112,305.6441,-9.3167667
1933,1933,145.3985,14.691102,4.3030353,0.0,0,5.0457683,0.0,0.33804458,133.35191,5.5825591,305.58774,-9.316268
1934,1934,145.3987,14.723126,4.3351812,0.0,0,5.0250487,0.0,0.34039646,133.35472,5.5609951,305.53137,-9.315918
1935,1935,145.3989,14.7489,4.3535757,0.0,0,5.0044241,0.0,0.34198466,133.32431,5.5368829,305.47501,-9.3160419
1936,1936,145.3991,14.764081,4.3717084,0.0,0,4.9838042,0.0,0.34451923,133.10602,5.5120559,305.41864,-9.3158941
1937,1937,145.3993,14.786362,4.4001746,0.0,0,4.9631839,0.0,0.34687513,133.03702,5.4870138,305.36227,-9.3162975
1938,1938,145.3995,14.811089,4.4197493,0.0,0,4.942564,0.0,0.34828576,133.04346,5.4628835,305.30594,-9.3170147
1939,1939,145.3997,14.837488,4.438879,0.0,0,4.9219441,0.0,0.35081282,132.90749,5.4391065,305.24957,-9.3166351
1940,1940,145.3999,14.866258,4.467114,0.0,0,4.9013243,0.0,0.35340714,132.89435,5.4157572,305.19321,-9.3163519
1941,1941,145.4001,14.903663,4.4885831,0.0,0,4.8807039,0.0,0.3547501,133.04398,5.3948169,305.13684,-9.3161936
1942,1942,145.4003,14.958204,4.5070615,0.0,0,4.8600841,0.0,0.35709503,133.14792,5.3727984,305.08047,-9.3164377
1943,1943,145.4005,15.000248,4.5335846,0.0,0,4.8394642,0.0,0.35984114,133.1636,5.3483925,305.02411,-9.3157253
1944,1944,145.4007,15.020097,4.5580893,0.0,0,4.8188443,0.0,0.36144587,133.18132,5.3257809,304.96774,-9.3146515
1945,1945,145.4009,15.037447,4.5783396,0.0,0,4.798224,0.0,0.36380199,133.09636,5.3023224,304.91138,-9.3150396
1946,1946,145.4011,15.062298,4.6012182,0.0,0,4.7776041,0.0,0.36645219,132.97182,5.2795215,304.85501,-9.3154593
1947,1947,145.4013,15.086877,4.6250324,0.0,0,4.7569842,0.0,0.36802667,132.96913,5.2581434,304.79865,-9.316123
1948,1948,145.4015,15.113685,4.6460614,0.0,0,4.7363639,0.0,0.37020391,132.89334,5.2345643,304.74231,-9.3168097
1949,1949,145.4017,15.148809,4.6674728,0.0,0,4.715744,0.0,0.37286285,132.77444,5.2135897,304.68594,-9.3169918
1950,1950,145.4019,15.18965,4.6927519,0.0,0,4.6951241,0.0,0.3745777,132.87692,5.1911082,304.62958,-9.3162317
1951,1951,145.4021,15.23859,4.7142181,0.0,0,4.6745043,0.0,0.37661839,133.05554,5.1664209,304.57321,-9.3153725
1952,1952,145.4023,15.28013,4.7321229,0.0,0,4.6538844,0.0,0.37923509,133.07887,5.1453447,304.51685,-9.3150892
1953,1953,145.4025,15.305453,4.7587905,0.0,0,4.6332641,0.0,0.38118985,133.07025,5.1241794,304.46048,-9.3153524
1954,1954,145.4027,15.331079,4.7834463,0.0,0,4.6126437,0.0,0.38326976,133.02309,5.1022501,304.40411,-9.3157835
1955,1955,145.4029,15.36034,4.7999983,0.0,0,4.5920238,0.0,0.38580406,132.95929,5.0799332,304.34775,-9.31602
1956,1956,145.4031,15.381878,4.8256125,0.0,0,4.571404,0.0,0.38780448,132.91039,5.0577378,304.29138,-9.3158941
1957,1957,145.4033,15.405949,4.8503432,0.0,0,4.5507841,0.0,0.38960901,132.81921,5.037272,304.23502,-9.3157091
1958,1958,145.4035,15.427872,4.864747,0.0,0,4.5305758,0.0,0.39198211,132.70688,5.0174022,304.17868,-9.3154917
1959,1959,145.4037,15.457416,4.8907475,0.0,0,4.5108657,0.0,0.39426914,132.67738,4.9962831,304.12231,-9.3152933
1960,1960,145.4039,15.504635,4.9181695,0.0,0,4.4912457,0.0,0.3961615,132.73926,4.9731097,304.06595,-9.3147516
1961,1961,145.4041,15.550398,4.9308887,0.0,0,4.4716296,0.0,0.39833933,132.85732,4.9502559,304.00958,-9.3144054
1962,1962,145.4043,15.585431,4.95504,0.0,0,4.4520135,0.0,0.40074995,132.90329,4.9292541,303.95322,-9.3149176
1963,1963,145.4045,15.616889,4.9838576,0.0,0,4.4323978,0.0,0.40275124,132.89989,4.9075828,303.89685,-9.3159485
1964,1964,145.4047,15.644625,4.997107,0.0,0,4.4127817,0.0,0.40481794,132.85464,4.8846221,303.84048,-9.3169394
1965,1965,145.4049,15.667853,5.0197744,0.0,0,4.3931656,0.0,0.40739486,132.68744,4.8632398,303.78412,-9.3168831
1966,1966,145.4051,15.688069,5.0491948,0.0,0,4.3735499,0.0,0.40936786,132.58989,4.8403625,303.71606,-9.3173704
1967,1967,145.4053,15.716588,5.0627637,0.0,0,4.3539338,0.0,0.41120297,132.6022,4.8173995,303.63632,-9.317359
1968,1968,145.4055,15.752136,5.084187,0.0,0,4.3343177,0.0,0.41395935,132.56,4.7986064,303.55658,-9.3161783
1969,1969,145.4057,15.786965,5.1146836,0.0,0,4.314702,0.0,0.416105,132.57675,4.7777338,303.47681,-9.3163385
1970,1970,145.4059,15.82954,5.1291628,0.0,0,4.2950859,0.0,0.41780671,132.71057,4.7544546,303.39706,-9.3165684
1971,1971,145.4061,15.873067,5.1485486,0.0,0,4.2754698,0.0,0.42048749,132.70811,4.7342777,303.31732,-9.3165016
1972,1972,145.4063,15.91543,5.1769938,0.0,0,4.2558532,0.0,0.42258334,132.79004,4.7129731,303.23755,-9.3162622
1973,1973,145.4065,15.955409,5.1916075,0.0,0,4.2362375,0.0,0.42407382,132.92838,4.6904435,303.15781,-9.3157158
1974,1974,145.4067,15.982297,5.2108278,0.0,0,4.2166214,0.0,0.4268328,132.78966,4.670011,303.07806,-9.3157578
1975,1975,145.4069,15.999142,5.2397289,0.0,0,4.1970053,0.0,0.42915961,132.63229,4.6483698,302.99829,-9.3163767
1976,1976,145.4071,16.021618,5.2557664,0.0,0,4.1773896,0.0,0.43046558,132.59544,4.6266799,302.91855,-9.3164206
1977,1977,145.4073,16.050686,5.2730513,0.0,0,4.1577735,0.0,0.4331229,132.43367,4.6073961,302.83881,-9.3165493
1978,1978,145.4075,16.078693,5.3010736,0.0,0,4.1381574,0.0,0.4356983,132.32401,4.5869856,302.75906,-9.3173103
1979,1979,145.4077,16.111641,5.3193898,0.0,0,4.1185417,0.0,0.43699566,132.43973,4.5646281,302.67929,-9.3170757
1980,1980,145.4079,16.158813,5.3359432,0.0,0,4.0989256,0.0,0.43952942,132.47124,4.5442996,302.59955,-9.3169289
1981,1981,145.4081,16.206141,5.3617578,0.0,0,4.0793095,0.0,0.44218212,132.50499,4.5241184,302.51981,-9.3172693
1982,1982,145.4083,16.247391,5.3818979,0.0,0,4.0596938,0.0,0.44347444,132.74608,4.5027914,302.44003,-9.3172884
1983,1983,145.4085,16.279522,5.3991299,0.0,0,4.0404716,0.0,0.44591734,132.6955,4.4831119,302.36029,-9.3168335
1984,1984,145.4087,16.304237,5.4235363,0.0,0,4.0217257,0.0,0.44864953,132.46855,4.4605384,302.28055,-9.3164616
1985,1985,145.4089,16.32345,5.4451118,0.0,0,4.0030656,0.0,0.45003766,132.46803,4.4373522,302.20078,-9.3160944
1986,1986,145.4091,16.345854,5.4615893,0.0,0,3.9844093,0.0,0.45226893,132.38831,4.4168983,302.12103,-9.3156786
1987,1987,145.4093,16.379642,5.4820099,0.0,0,3.9657533,0.0,0.45497501,132.27368,4.3971372,302.04129,-9.3162394
1988,1988,145.4095,16.422743,5.5042338,0.0,0,3.9470973,0.0,0.45641553,132.43846,4.3786745,301.96155,-9.3163195
1989,1989,145.4097,16.482082,5.5224776,0.0,0,3.9284413,0.0,0.45848146,132.61589,4.3593035,301.88177,-9.3164644
1990,1990,145.4099,16.544161,5.5419536,0.0,0,3.9097853,0.0,0.46133837,132.68741,4.338419,301.80203,-9.3171005
1991,1991,145.4101,16.586191,5.5657182,0.0,0,3.8911293,0.0,0.46306211,132.8512,4.3191314,301.72229,-9.3171387
1992,1992,145.4103,16.61729,5.5845032,0.0,0,3.8724735,0.0,0.46501106,132.89421,4.2976084,301.64252,-9.3169441
1993,1993,145.4105,16.645782,5.6007051,0.0,0,3.8538175,0.0,0.46766299,132.7182,4.2769122,301.56277,-9.316803
1994,1994,145.4107,16.663017,5.6262145,0.0,0,3.8351612,0.0,0.46957746,132.58522,4.255218,301.48303,-9.317049
1995,1995,145.4109,16.681814,5.648519,0.0,0,3.8165054,0.0,0.47161043,132.49835,4.2349429,301.40326,-9.3164644
1996,1996,145.4111,16.713514,5.662899,0.0,0,3.7978494,0.0,0.47421321,132.40999,4.2167516,301.32352,-9.3154535
1997,1997,145.4113,16.754412,5.6868625,0.0,0,3.7791932,0.0,0.47619545,132.45921,4.1956854,301.24377,-9.3154001
1998,1998,145.4115,16.800266,5.7087507,0.0,0,3.7605371,0.0,0.47791523,132.62349,4.1762686,301.16403,-9.3154898
1999,1999,145.4117,16.847345,5.7207851,0.0,0,3.7418811,0.0,0.48028803,132.70383,4.1547432,301.08426,-9.3160267
2000,2000,145.4119,16.897141,5.7442799,0.0,0,3.7232254,0.0,0.48256803,132.75424,4.1335812,301.00452,-9.3156185
2001,2001,145.4121,16.941824,5.7695231,0.0,0,3.7045693,0.0,0.48441651,132.84451,4.114903,300.92477,-9.3150673
2002,2002,145.4123,16.975269,5.7807612,0.0,0,3.6859133,0.0,0.48658738,132.79387,4.0963206,300.845,-9.3155775
2003,2003,145.4125,17.006384,5.8021884,0.0,0,3.6672573,0.0,0.48894843,132.717,4.0763893,300.76526,-9.3154478
2004,2004,145.4127,17.043123,5.8293514,0.0,0,3.6486013,0.0,0.49081787,132.73827,4.0558677,300.68552,-9.3153334
2005,2005,145.4129,17.074329,5.8414302,0.0,0,3.6299453,0.0,0.49294996,132.7218,4.0369072,300.60574,-9.3154783
2006,2006,145.4131,17.106499,5.8624139,0.0,0,3.6112893,0.0,0.49564755,132.61884,4.0183978,300.526,-9.3159132
2007,2007,145.4133,17.148806,5.8890305,0.0,0,3.5926332,0.0,0.49749106,132.69063,3.9976661,300.44626,-9.3165236
2008,2008,145.4135,17.189512,5.898973,0.0,0,3.5743496,0.0,0.49920359,132.82942,3.9772835,300.36652,-9.3163891
2009,2009,145.4137,17.235914,5.9181352,0.0,0,3.5565166,0.0,0.50193501,132.79753,3.9571116,300.28674,-9.315836
2010,2010,145.4139,17.280582,5.9474096,0.0,0,3.538765,0.0,0.50403482,132.84715,3.9371693,300.207,-9.3156471
2011,2011,145.4141,17.321552,5.9604478,0.0,0,3.5210168,0.0,0.50571573,132.91895,3.9183011,300.12726,-9.3151407
2012,2012,145.4143,17.364538,5.9782238,0.0,0,3.5032687,0.0,0.50854003,132.84384,3.9009769,300.04749,-9.3148909
2013,2013,145.4145,17.401482,6.00596,0.0,0,3.4855206,0.0,0.51066327,132.90134,3.8809466,299.96774,-9.3151798
2014,2014,145.4147,17.433939,6.019083,0.0,0,3.4677727,0.0,0.51212841,132.97498,3.8592832,299.888,-9.3154345
2015,2015,145.4149,17.467909,6.0353713,0.0,0,3.4500248,0.0,0.51496655,132.83002,3.8391418,299.80823,-9.3157787
2016,2016,145.4151,17.504784,6.0634894,0.0,0,3.432277,0.0,0.51731431,132.75548,3.8206022,299.65482,-9.3158293
2017,2017,145.4153,17.539701,6.0796762,0.0,0,3.4145288,0.0,0.51869649,132.84131,3.8030462,299.42776,-9.3159409
2018,2018,145.4155,17.577152,6.0953131,0.0,0,3.3967807,0.0,0.52151853,132.79784,3.7834563,299.20068,-9.3159456
2019,2019,145.4157,17.625004,6.1214004,0.0,0,3.3790326,0.0,0.5241105,132.79047,3.7641366,298.97363,-9.315629
2020,2020,145.4159,17.669851,6.1387277,0.0,0,3.3612847,0.0,0.52539104,132.96034,3.7444155,298.74658,-9.3148546
2021,2021,145.4161,17.718313,6.1541963,0.0,0,3.3435369,0.0,0.52804404,132.98613,3.7245591,298.5195,-9.3139114
2022,2022,145.4163,17.76943,6.1774712,0.0,0,3.3257887,0.0,0.53068155,133.00766,3.7055235,298.29245,-9.3138628
2023,2023,145.4165,17.807259,6.1951599,0.0,0,3.3080409,0.0,0.53183806,133.19318,3.684551,298.06537,-9.3147316
2024,2024,145.4167,17.837444,6.2098413,0.0,0,3.2902927,0.0,0.53425729,133.12704,3.6661081,297.83832,-9.3157406
2025,2025,145.4169,17.872736,6.2315636,0.0,0,3.2725446,0.0,0.53705388,132.94989,3.6486557,297.61127,-9.3158512
2026,2026,145.4171,17.907398,6.2521362,0.0,0,3.2547965,0.0,0.53832865,133.03587,3.6282737,297.38419,-9.3162022
2027,2027,145.4173,17.944872,6.2681184,0.0,0,3.2370486,0.0,0.54060161,133.01227,3.6084294,297.15714,-9.3174877
2028,2028,145.4175,17.987858,6.2872205,0.0,0,3.2193007,0.0,0.54345179,132.9229,3.59144,296.93008,-9.3172684
2029,2029,145.4177,18.044048,6.3082824,0.0,0,3.2015526,0.0,0.54485434,133.12401,3.5737033,296.703,-9.3166914
2030,2030,145.4179,18.106194,6.3251729,0.0,0,3.1838048,0.0,0.54700488,133.28131,3.5537827,296.47595,-9.3163271
2031,2031,145.4181,18.154655,6.3423209,0.0,0,3.1660566,0.0,0.54985464,133.29099,3.5365965,296.24887,-9.3154287
2032,2032,145.4183,18.190474,6.3653355,0.0,0,3.1483088,0.0,0.55148977,133.3616,3.5186622,296.02182,-9.3147087
2033,2033,145.4185,18.216024,6.38375,0.0,0,3.1309152,0.0,0.55347729,133.30725,3.5010734,295.79477,-9.3143911
2034,2034,145.4187,18.253099,6.3985472,0.0,0,3.11395,0.0,0.55634397,133.17381,3.4833903,295.56769,-9.3150749
2035,2035,145.4189,18.292593,6.4217539,0.0,0,3.0970623,0.0,0.55829692,133.15991,3.4638808,295.34064,-9.3153667
2036,2036,145.4191,18.325104,6.4404154,0.0,0,3.0801783,0.0,0.56004173,133.17999,3.4452868,295.11359,-9.3154116
2037,2037,145.4193,18.352549,6.4515386,0.0,0,3.0632944,0.0,0.56258178,133.08046,3.4275308,294.88651,-9.315465
2038,2038,145.4195,18.396149,6.4742312,0.0,0,3.0464106,0.0,0.5645889,133.11238,3.4088602,294.65945,-9.315485
2039,2039,145.4197,18.459883,6.4958386,0.0,0,3.0295265,0.0,0.56626499,133.32765,3.3900867,294.43237,-9.3156376
2040,2040,145.4199,18.511349,6.5062451,0.0,0,3.0126424,0.0,0.56874079,133.41383,3.371793,294.20532,-9.3156099
2041,2041,145.4201,18.56175,6.5291281,0.0,0,2.9957583,0.0,0.57110608,133.50574,3.3535023,293.97827,-9.315587
2042,2042,145.4203,18.613537,6.55446,0.0,0,2.9788744,0.0,0.57295513,133.55634,3.3362091,293.75119,-9.3158836
2043,2043,145.4205,18.650175,6.5638428,0.0,0,2.9619906,0.0,0.57524329,133.46785,3.3173831,293.52414,-9.3159008
2044,2044,145.4207,18.682224,6.5834913,0.0,0,2.9451065,0.0,0.57776886,133.39819,3.2978785,293.29706,-9.3156519
2045,2045,145.4209,18.720835,6.6091108,0.0,0,2.9282222,0.0,0.57964987,133.44008,3.2795703,293.07001,-9.3161297
2046,2046,145.4211,18.760427,6.6181879,0.0,0,2.9113381,0.0,0.5816521,133.46631,3.2607436,292.84296,-9.3161335
2047,2047,145.4213,18.799366,6.6355495,0.0,0,2.8944542,0.0,0.58425146,133.41203,3.2422667,292.61588,-9.3153906
2048,2048,145.4215,18.856215,6.6604924,0.0,0,2.8775704,0.0,0.5859223,133.56522,3.2253411,292.38882,-9.3153591
2049,2049,145.4217,18.920797,6.6699009,0.0,0,2.8606863,0.0,0.58757228,133.7709,3.2095606,292.16177,-9.3152103
2050,2050,145.4219,18.975084,6.6876826,0.0,0,2.8438022,0.0,0.59050745,133.79228,3.19034,291.93469,-9.3146877
2051,2051,145.4221,19.022715,6.7144561,0.0,0,2.8269184,0.0,0.59255981,133.8934,3.1707172,291.70764,-9.3148975
2052,2052,145.4223,19.063534,6.724546,0.0,0,2.810034,0.0,0.59404194,134.01184,3.1526151,291.48056,-9.3148899
2053,2053,145.4225,19.102442,6.740417,0.0,0,2.7931502,0.0,0.59694284,133.86038,3.1350842,291.25351,-9.3150787
2054,2054,145.4227,19.14229,6.7674646,0.0,0,2.7762663,0.0,0.59911096,133.82608,3.1169806,291.02646,-9.3156204
2055,2055,145.4229,19.178715,6.7787137,0.0,0,2.7593822,0.0,0.60035223,133.92984,3.1007996,290.79938,-9.3158455
2056,2056,145.4231,19.220507,6.7932677,0.0,0,2.7424984,0.0,0.60331285,133.82976,3.083045,290.57233,-9.3158436
2057,2057,145.4233,19.269354,6.8201289,0.0,0,2.7256143,0.0,0.60583192,133.82893,3.0636551,290.34528,-9.3153172
2058,2058,145.4235,19.326651,6.8348527,0.0,0,2.7090683,0.0,0.60710305,134.00615,3.046623,290.11819,-9.314641
2059,2059,145.4237,19.385887,6.8490973,0.0,0,2.6929309,0.0,0.60992503,134.05061,3.0312455,289.89114,-9.3141136
2060,2060,145.4239,19.441956,6.8735962,0.0,0,2.6768677,0.0,0.61258036,134.10309,3.0153644,289.66406,-9.3140097
2061,2061,145.4241,19.499369,6.8890142,0.0,0,2.6608074,0.0,0.61375993,134.31279,2.9971483,289.43701,-9.3140841
2062,2062,145.4243,19.550022,6.9010954,0.0,0,2.6447473,0.0,0.61634988,134.30421,2.9791231,289.20996,-9.3140869
2063,2063,145.4245,19.586466,6.9230456,0.0,0,2.6286874,0.0,0.61906475,134.21826,2.9588089,288.98288,-9.314105
2064,2064,145.4247,19.61607,6.9404535,0.0,0,2.6126273,0.0,0.62008774,134.31421,2.9408386,288.75583,-9.314085
2065,2065,145.4249,19.65251,6.9531245,0.0,0,2.5965672,0.0,0.62244576,134.22849,2.9250031,288.52878,-9.3138552
2066,2066,145.4251,19.69656,6.9716568,0.0,0,2.5805073,0.0,0.62524652,134.12807,2.9080207,288.41925,-9.3138657
2067,2067,145.4253,19.751986,6.9890494,0.0,0,2.5644474,0.0,0.62633973,134.34882,2.8890429,288.42722,-9.3138037
2068,2068,145.4255,19.813995,7.0030346,0.0,0,2.5483873,0.0,0.6285069,134.4734,2.8722403,288.43521,-9.313653
2069,2069,145.4257,19.877954,7.0213223,0.0,0,2.5323272,0.0,0.63154554,134.51396,2.8565555,288.44321,-9.3138924
2070,2070,145.4259,19.943844,7.0419626,0.0,0,2.5162673,0.0,0.63306063,134.75664,2.8376629,288.45117,-9.3140574
2071,2071,145.4261,20.004013,7.0580816,0.0,0,2.5002072,0.0,0.63521248,134.84161,2.8187697,288.45917,-9.3146219
2072,2072,145.4263,20.046013,7.0729785,0.0,0,2.4841473,0.0,0.63816077,134.73219,2.8032217,288.46713,-9.3145819
2073,2073,145.4265,20.081888,7.0937657,0.0,0,2.4680872,0.0,0.63968134,134.77902,2.7886536,288.47513,-9.3137827
2074,2074,145.4267,20.120838,7.1106963,0.0,0,2.4520273,0.0,0.64159542,134.78667,2.7724142,288.48312,-9.3140526
2075,2075,145.4269,20.166977,7.1233411,0.0,0,2.4359674,0.0,0.64451039,134.68484,2.7544675,288.49109,-9.314744
2076,2076,145.4271,20.215918,7.1461821,0.0,0,2.4199073,0.0,0.64651126,134.75426,2.7355254,288.49908,-9.3146524
2077,2077,145.4273,20.267786,7.1649876,0.0,0,2.4038472,0.0,0.64837694,134.83368,2.7180035,288.50705,-9.3143854
2078,2078,145.4275,20.32641,7.174057,0.0,0,2.3877873,0.0,0.65093672,134.87819,2.7036886,288.51505,-9.3143244
2079,2079,145.4277,20.390867,7.1950431,0.0,0,2.3717272,0.0,0.65287256,135.06529,2.6876991,288.52304,-9.3141537
2080,2080,145.4279,20.456915,7.2146854,0.0,0,2.3556671,0.0,0.65446478,135.28749,2.6704488,288.53101,-9.3140621
2081,2081,145.4281,20.507477,7.222702,0.0,0,2.3396072,0.0,0.65699273,135.31262,2.6539805,288.539,-9.3135319
2082,2082,145.4283,20.542923,7.2429447,0.0,0,2.3235474,0.0,0.65936792,135.22313,2.6370447,288.54697,-9.3132496
2083,2083,145.4285,20.577688,7.2653804,0.0,0,2.3078089,0.0,0.66095501,135.23709,2.6196735,288.55496,-9.313777
2084,2084,145.4287,20.623795,7.2719135,0.0,0,2.2924595,0.0,0.66307318,135.23169,2.6033237,288.56296,-9.3145456
2085,2085,145.4289,20.674519,7.2893043,0.0,0,2.2771804,0.0,0.66557729,135.20998,2.5874267,288.57092,-9.3150463
2086,2086,145.4291,20.728754,7.3129683,0.0,0,2.2619042,0.0,0.66721487,135.3591,2.5708187,288.57892,-9.3146009
2087,2087,145.4293,20.789288,7.320363,0.0,0,2.246628,0.0,0.66913044,135.46886,2.5555847,288.58688,-9.3143835
2088,2088,145.4295,20.860884,7.3382335,0.0,0,2.2313523,0.0,0.67199844,135.53795,2.539423,288.59488,-9.3143682
2089,2089,145.4297,20.929333,7.3635507,0.0,0,2.2160764,0.0,0.67388046,135.75902,2.5230958,288.60287,-9.3141766
2090,2090,145.4299,20.988441,7.3710761,0.0,0,2.2008004,0.0,0.67557162,135.91917,2.5062566,288.61084,-9.3140068
2091,2091,145.4301,21.040728,7.3864803,0.0,0,2.1855242,0.0,0.67853266,135.8745,2.4873765,288.61884,-9.3134489
2092,2092,145.4303,21.07737,7.4118052,0.0,0,2.1702483,0.0,0.68047333,135.8683,2.471674,288.6268,-9.3133564
2093,2093,145.4305,21.111923,7.4202623,0.0,0,2.1549723,0.0,0.68179446,135.90475,2.4586711,288.6348,-9.3135033
2094,2094,145.4307,21.158913,7.434607,0.0,0,2.1396964,0.0,0.68479967,135.76527,2.4439151,288.64279,-9.3131227
2095,2095,145.4309,21.213852,7.4597869,0.0,0,2.1244202,0.0,0.68690366,135.80173,2.427237,288.65076,-9.3134079
2096,2096,145.4311,21.267683,7.468359,0.0,0,2.1091442,0.0,0.68794054,136.03636,2.4112806,288.65875,-9.3141956
2097,2097,145.4313,21.327333,7.4793797,0.0,0,2.0938683,0.0,0.69072866,136.06149,2.3969018,288.66672,-9.3149395
2098,2098,145.4315,21.389336,7.5026913,0.0,0,2.0785923,0.0,0.69297898,136.13274,2.3814678,288.67471,-9.3153801
2099,2099,145.4317,21.45105,7.5143824,0.0,0,2.0633163,0.0,0.69400007,136.36945,2.3651621,288.68271,-9.3153248
2100,2100,145.4319,21.513329,7.5265479,0.0,0,2.0480404,0.0,0.69693363,136.36548,2.3495805,288.69067,-9.3148413
2101,2101,145.4321,21.572294,7.5502739,0.0,0,2.0327644,0.0,0.69971609,136.36081,2.3337109,288.69867,-9.3148031
2102,2102,145.4323,21.62311,7.5657973,0.0,0,2.0174885,0.0,0.70077401,136.51779,2.3174927,288.70663,-9.3154869
2103,2103,145.4325,21.677523,7.577291,0.0,0,2.0022123,0.0,0.70343018,136.48849,2.3022268,288.71463,-9.3148756
2104,2104,145.4327,21.734564,7.5977325,0.0,0,1.9869361,0.0,0.70621037,136.43716,2.2856123,288.72263,-9.3135815
2105,2105,145.4329,21.785522,7.6130557,0.0,0,1.9716601,0.0,0.70715147,136.61201,2.2695889,288.73059,-9.3125629
2106,2106,145.4331,21.846926,7.6231213,0.0,0,1.9563841,0.0,0.70957822,136.70692,2.2545767,288.73859,-9.3122616
2107,2107,145.4333,21.914976,7.6407423,0.0,0,1.9411081,0.0,0.71248204,136.75592,2.2386763,288.74655,-9.3125067
2108,2108,145.4335,21.978752,7.6584468,0.0,0,1.9261373,0.0,0.71344167,137.0498,2.2214479,288.75455,-9.311985
2109,2109,145.4337,22.043032,7.670383,0.0,0,1.9115355,0.0,0.71562696,137.18248,2.2042086,288.76254,-9.3125
2110,2110,145.4339,22.107725,7.6860089,0.0,0,1.8970004,0.0,0.71868432,137.13878,2.1890833,288.77051,-9.3137779
2111,2111,145.4341,22.160046,7.705008,0.0,0,1.8824685,0.0,0.71995085,137.28156,2.1737866,288.7785,-9.3138208
2112,2112,145.4343,22.212618,7.7184558,0.0,0,1.8679364,0.0,0.72196388,137.34778,2.1568,288.78647,-9.3143892
2113,2113,145.4345,22.267347,7.7319455,0.0,0,1.8534043,0.0,0.7250843,137.23038,2.1409898,288.79446,-9.3146362
2114,2114,145.4347,22.318068,7.7532525,0.0,0,1.8388724,0.0,0.72676152,137.29134,2.1274579,288.80246,-9.3141069
2115,2115,145.4349,22.372225,7.7693939,0.0,0,1.8243403,0.0,0.72867978,137.36433,2.1130958,288.81042,-9.3140869
2116,2116,145.4351,22.433331,7.7799201,0.0,0,1.8098084,0.0,0.73161429,137.37167,2.095361,288.94333,-9.3142691
2117,2117,145.4353,22.502079,7.8002329,0.0,0,1.7952764,0.0,0.7335552,137.55563,2.0788319,289.20105,-9.3141928
2118,2118,145.4355,22.578251,7.8166552,0.0,0,1.7807443,0.0,0.73526591,137.71956,2.0647612,289.4588,-9.3135643
2119,2119,145.4357,22.652525,7.8239064,0.0,0,1.7662123,0.0,0.73770684,137.80835,2.051388,289.71652,-9.3127661
2120,2120,145.4359,22.716816,7.8430319,0.0,0,1.7516804,0.0,0.73963761,137.96179,2.0371923,289.97427,-9.3124208
2121,2121,145.4361,22.77187,7.8611174,0.0,0,1.7371484,0.0,0.74117827,138.13042,2.0203724,290.23199,-9.3125648
2122,2122,145.4363,22.824776,7.8677669,0.0,0,1.7226164,0.0,0.74363303,138.12433,2.0040975,290.48975,-9.3118315
2123,2123,145.4365,22.883383,7.8867249,0.0,0,1.7080843,0.0,0.74603653,138.09937,1.9873912,290.74747,-9.3114204
2124,2124,145.4367,22.947935,7.9072142,0.0,0,1.6935524,0.0,0.74750942,138.25284,1.9702277,291.00522,-9.312129
2125,2125,145.4369,23.018791,7.9133563,0.0,0,1.6790204,0.0,0.7496413,138.34785,1.9561533,291.26294,-9.3126163
2126,2126,145.4371,23.08403,7.9308147,0.0,0,1.6644883,0.0,0.75238723,138.36685,1.9430538,291.52069,-9.312582
2127,2127,145.4373,23.149687,7.9545069,0.0,0,1.6499563,0.0,0.75415158,138.56096,1.9277334,291.77841,-9.312871
2128,2128,145.4375,23.225227,7.960794,0.0,0,1.6354244,0.0,0.75609511,138.71098,1.9112514,292.03616,-9.3132782
2129,2129,145.4377,23.297249,7.9769783,0.0,0,1.6208923,0.0,0.75907254,138.71544,1.8961115,292.29391,-9.3134146
2130,2130,145.4379,23.359188,8.0014591,0.0,0,1.6063604,0.0,0.76096594,138.87772,1.8814009,292.55164,-9.3136492
2131,2131,145.4381,23.422426,8.0071239,0.0,0,1.5918283,0.0,0.76255035,139.03986,1.8673031,292.80939,-9.3134432
2132,2132,145.4383,23.485342,8.0210972,0.0,0,1.5772964,0.0,0.76554561,138.98912,1.8522683,293.06711,-9.3128328
2133,2133,145.4385,23.54002,8.0460434,0.0,0,1.5630548,0.0,0.76754457,139.07516,1.8358645,293.32486,-9.3124714
2134,2134,145.4387,23.596394,8.0531816,0.0,0,1.5491644,0.0,0.7688573,139.24475,1.8225425,293.58258,-9.3124294
2135,2135,145.4389,23.660372,8.0646515,0.0,0,1.5353373,0.0,0.77192914,139.15965,1.8096815,293.84033,-9.3124409
2136,2136,145.4391,23.733099,8.0883265,0.0,0,1.5215132,0.0,0.77407587,139.24371,1.7962348,294.09805,-9.3124952
2137,2137,145.4393,23.809093,8.0966492,0.0,0,1.5076892,0.0,0.77495944,139.56607,1.7819145,294.3558,-9.3124924
2138,2138,145.4395,23.886663,8.1063843,0.0,0,1.4938653,0.0,0.77786613,139.61609,1.7668599,294.61353,-9.3125277
2139,2139,145.4397,23.962894,8.1289101,0.0,0,1.4800413,0.0,0.78021377,139.70442,1.7511898,294.87128,-9.3125467
2140,2140,145.4399,24.028248,8.139761,0.0,0,1.4662173,0.0,0.78104132,140.01373,1.7374384,295.129,-9.3123827
2141,2141,145.4401,24.085621,8.149786,0.0,0,1.4523933,0.0,0.78397787,139.98582,1.7236215,295.38675,-9.312377
2142,2142,145.4403,24.146326,8.1713734,0.0,0,1.4385693,0.0,0.78676611,139.92612,1.7067991,295.6445,-9.3118973
2143,2143,145.4405,24.209473,8.1845503,0.0,0,1.4247453,0.0,0.78758681,140.13914,1.692557,295.90222,-9.3112907
2144,2144,145.4407,24.269432,8.1947889,0.0,0,1.4109213,0.0,0.79035121,140.11177,1.6798663,296.15997,-9.3114214
2145,2145,145.4409,24.337498,8.2145481,0.0,0,1.3970973,0.0,0.79348159,140.05281,1.6663116,296.41769,-9.3119774
2146,2146,145.4411,24.406879,8.2300587,0.0,0,1.3832734,0.0,0.79446554,140.30846,1.6515518,296.67545,-9.3119478
2147,2147,145.4413,24.48398,8.2399588,0.0,0,1.3694494,0.0,0.79684097,140.41463,1.6361418,296.93317,-9.3119297
2148,2148,145.4415,24.570236,8.2552338,0.0,0,1.3556253,0.0,0.79975069,140.49001,1.6230112,297.19092,-9.3124561
2149,2149,145.4417,24.650583,8.2708349,0.0,0,1.3418013,0.0,0.80061108,140.83804,1.608936,297.44864,-9.3124704
2150,2150,145.4419,24.721075,8.2825003,0.0,0,1.3279774,0.0,0.80277956,140.95381,1.5957317,297.70639,-9.3125153
2151,2151,145.4421,24.787134,8.2975769,0.0,0,1.3141534,0.0,0.8060019,140.88828,1.5827177,297.96411,-9.313261
2152,2152,145.4423,24.854773,8.3159208,0.0,0,1.3003293,0.0,0.80731505,141.05992,1.5683808,298.22186,-9.3134604
2153,2153,145.4425,24.91584,8.3278952,0.0,0,1.2865053,0.0,0.80928338,141.15024,1.5527241,298.47961,-9.3131971
2154,2154,145.4427,24.979624,8.3387785,0.0,0,1.2726814,0.0,0.8124125,141.05508,1.5373696,298.73734,-9.3129749
2155,2155,145.4429,25.048002,8.3567734,0.0,0,1.2588574,0.0,0.81383461,141.23116,1.5243255,298.99509,-9.312541
2156,2156,145.4431,25.123898,8.369482,0.0,0,1.2450334,0.0,0.81539083,141.46881,1.5089447,299.25281,-9.3119888
2157,2157,145.4433,25.210451,8.3772335,0.0,0,1.2312094,0.0,0.81818604,141.563,1.4963024,299.51056,-9.3118877
2158,2158,145.4435,25.296705,8.3950405,0.0,0,1.2176627,0.0,0.81982136,141.8055,1.4831997,299.76828,-9.3118792
2159,2159,145.4437,25.37915,8.4092846,0.0,0,1.2044513,0.0,0.82126623,142.04118,1.4672415,300.02603,-9.3113403
2160,2160,145.4439,25.455835,8.4156895,0.0,0,1.1913006,0.0,0.82398212,142.08321,1.4503902,300.28375,-9.3112745
2161,2161,145.4441,25.52323,8.4349089,0.0,0,1.1781524,0.0,0.82612205,142.17361,1.4350355,300.5415,-9.3117685
2162,2162,145.4443,25.583136,8.4531088,0.0,0,1.1650045,0.0,0.82751662,142.32021,1.4233832,300.79922,-9.3123693
2163,2163,145.4445,25.642225,8.4588671,0.0,0,1.1518564,0.0,0.83003229,142.29109,1.4111458,301.05698,-9.3127823
2164,2164,145.4447,25.712929,8.4766598,0.0,0,1.1387084,0.0,0.8326295,142.29088,1.3976132,301.3147,-9.3129511
2165,2165,145.4449,25.787655,8.4975634,0.0,0,1.1255604,0.0,0.83426815,142.44646,1.3838055,301.57245,-9.3126888
2166,2166,145.4451,25.862759,8.5029707,0.0,0,1.1124125,0.0,0.83659488,142.55872,1.3709046,301.72095,-9.3123455
2167,2167,145.4453,25.954029,8.519577,0.0,0,1.0992644,0.0,0.83949107,142.6694,1.3571594,301.76025,-9.3121653
2168,2168,145.4455,26.053585,8.5416155,0.0,0,1.0861164,0.0,0.84108704,142.98851,1.3416151,301.79956,-9.3118038
2169,2169,145.4457,26.143053,8.5448885,0.0,0,1.0729684,0.0,0.84279293,143.20807,1.3282901,301.83887,-9.3108644
2170,2170,145.4459,26.225338,8.5578833,0.0,0,1.0598203,0.0,0.84563822,143.22585,1.3154886,301.87817,-9.3108006
2171,2171,145.4461,26.294273,8.5793524,0.0,0,1.0466723,0.0,0.84714186,143.43074,1.3015026,301.91745,-9.3111439
2172,2172,145.4463,26.352383,8.5829744,0.0,0,1.0335244,0.0,0.84842569,143.59598,1.2879249,301.95676,-9.3109694
2173,2173,145.4465,26.420279,8.5946646,0.0,0,1.0203763,0.0,0.85146093,143.51117,1.2755611,301.99606,-9.310957
2174,2174,145.4467,26.504618,8.6171217,0.0,0,1.0072284,0.0,0.85326779,143.67148,1.2625499,302.03537,-9.310956
2175,2175,145.4469,26.5938,8.6227293,0.0,0,0.99408036,0.0,0.85436171,143.97739,1.248114,302.07468,-9.3109598
2176,2176,145.4471,26.677223,8.6336727,0.0,0,0.98093235,0.0,0.85760081,143.96758,1.2356583,302.11398,-9.3115711
2177,2177,145.4473,26.773298,8.6570454,0.0,0,0.96778435,0.0,0.8598845,144.1499,1.2236394,302.15329,-9.3112574
2178,2178,145.4475,26.874985,8.6653461,0.0,0,0.95463634,0.0,0.86086172,144.57037,1.2072734,302.1926,-9.3099794
2179,2179,145.4477,26.955057,8.6752625,0.0,0,0.94148839,0.0,0.86398762,144.58167,1.1928174,302.23187,-9.310111
2180,2180,145.4479,27.022087,8.6973324,0.0,0,0.92834044,0.0,0.8665877,144.57408,1.1794939,302.27118,-9.31077
2181,2181,145.4481,27.087933,8.7071877,0.0,0,0.91519243,0.0,0.86744893,144.80832,1.1659305,302.31049,-9.3106079
2182,2182,145.4483,27.159533,8.715457,0.0,0,0.90204442,0.0,0.87031454,144.76875,1.1535516,302.34979,-9.3099432
2183,2183,145.4485,27.2409,8.7358055,0.0,0,0.88916051,0.0,0.87312567,144.76971,1.1397907,302.3891,-9.3096352
2184,2184,145.4487,27.321964,8.7474051,0.0,0,0.87659609,0.0,0.8737874,145.11554,1.1270949,302.42841,-9.3101482
2185,2185,145.4489,27.409204,8.7553978,0.0,0,0.86408949,0.0,0.87646317,145.20445,1.114055,302.46771,-9.3107719
2186,2186,145.4491,27.502731,8.7737894,0.0,0,0.85158539,0.0,0.8795498,145.24142,1.1004434,302.50702,-9.310957
2187,2187,145.4493,27.600796,8.7870674,0.0,0,0.83908135,0.0,0.88015854,145.68306,1.086984,302.54633,-9.3109865
2188,2188,145.4495,27.697981,8.7953835,0.0,0,0.82657731,0.0,0.88250148,145.86978,1.0736564,302.5856,-9.3105936
2189,2189,145.4497,27.786165,8.8106041,0.0,0,0.81407332,0.0,0.88563532,145.8524,1.0590447,302.62491,-9.3100033
2190,2190,145.4499,27.867857,8.8256445,0.0,0,0.8015694,0.0,0.88637155,146.1429,1.0464748,302.66422,-9.3103447
2191,2191,145.4501,27.941566,8.8350391,0.0,0,0.78906536,0.0,0.88851613,146.21219,1.0347989,302.70352,-9.3102922
2192,2192,145.4503,28.013321,8.8472223,0.0,0,0.77656138,0.0,0.89181662,146.08131,1.0194515,302.74283,-9.3097353
2193,2193,145.4505,28.091036,8.8646383,0.0,0,0.7640574,0.0,0.89294946,146.30476,1.00437,302.78214,-9.3101883
2194,2194,145.4507,28.170416,8.8761225,0.0,0,0.75155336,0.0,0.89487028,146.47034,0.99261039,302.82144,-9.3106833
2195,2195,145.4509,28.253153,8.8850899,0.0,0,0.73904938,0.0,0.89801383,146.47067,0.98105639,302.86075,-9.3103304
2196,2196,145.4511,28.351236,8.9019814,0.0,0,0.72654539,0.0,0.89935809,146.7635,0.96782172,302.90002,-9.3101988
2197,2197,145.4513,28.451115,8.9139433,0.0,0,0.71404135,0.0,0.90088582,147.06108,0.95594561,302.93933,-9.3107281
2198,2198,145.4515,28.542511,8.9205494,0.0,0,0.70153737,0.0,0.90379095,147.11234,0.94326466,302.97864,-9.3109493
2199,2199,145.4517,28.633789,8.9389734,0.0,0,0.68903339,0.0,0.90561974,147.27475,0.9278146,303.01794,-9.3109322
2200,2200,145.4519,28.712351,8.953269,0.0,0,0.67652941,0.0,0.90694743,147.50786,0.91484618,303.05725,-9.310338
2201,2201,145.4521,28.785873,8.9569645,0.0,0,0.66402543,0.0,0.90959311,147.49446,0.90407401,303.09656,-9.3101263
2202,2202,145.4523,28.866825,8.974534,0.0,0,0.65152138,0.0,0.9118399,147.55356,0.89348006,303.13586,-9.3101816
2203,2203,145.4525,28.949812,8.9918709,0.0,0,0.63901734,0.0,0.91325748,147.75908,0.88019204,303.17517,-9.3103809
2204,2204,145.4527,29.03735,8.9950485,0.0,0,0.62651336,0.0,0.91560841,147.86049,0.86515605,303.21445,-9.3109455
2205,2205,145.4529,29.123901,9.0104361,0.0,0,0.61400938,0.0,0.91799921,147.99977,0.85216731,303.25375,-9.3109846
2206,2206,145.4531,29.215694,9.0287342,0.0,0,0.6015054,0.0,0.91931492,148.28935,0.84174174,303.29306,-9.3113556
2207,2207,145.4533,29.316193,9.0314617,0.0,0,0.58900136,0.0,0.921368,148.48466,0.83054394,303.33237,-9.3113794
2208,2208,145.4535,29.410425,9.0466499,0.0,0,0.57674509,0.0,0.92431939,148.49072,0.81670308,303.37167,-9.311141
2209,2209,145.4537,29.499987,9.0677996,0.0,0,0.56478846,0.0,0.9259221,148.70065,0.80413371,303.41098,-9.311079
2210,2210,145.4539,29.579733,9.0697937,0.0,0,0.55288601,0.0,0.9275918,148.89021,0.79224789,303.45029,-9.3107634
2211,2211,145.4541,29.658873,9.0814009,0.0,0,0.54098594,0.0,0.9305082,148.84729,0.77913135,303.48959,-9.3103294
2212,2212,145.4543,29.744986,9.1029387,0.0,0,0.52908593,0.0,0.93217391,149.01863,0.76778913,303.5289,-9.3100023
2213,2213,145.4545,29.828636,9.1058397,0.0,0,0.51718587,0.0,0.93347269,149.23773,0.75639659,303.56818,-9.30966
2214,2214,145.4547,29.919596,9.1157808,0.0,0,0.50528592,0.0,0.93653601,149.24669,0.74189585,303.60748,-9.3090982
2215,2215,145.4549,30.019468,9.1377859,0.0,0,0.49338591,0.0,0.93830049,149.47919,0.73075408,303.64679,-9.3089647
2216,2216,145.4551,30.123791,9.1424093,0.0,0,0.4814859,0.0,0.93926245,149.81992,0.71848154,303.67746,-9.3092575
2217,2217,145.4553,30.223988,9.1511126,0.0,0,0.4695859,0.0,0.94259465,149.81273,0.70484751,303.69946,-9.3094339
2218,2218,145.4555,30.317293,9.1731071,0.0,0,0.45768592,0.0,0.94477767,149.94838,0.69409734,303.7215,-9.3099461
2219,2219,145.4557,30.404884,9.1795521,0.0,0,0.44578591,0.0,0.94542253,150.29698,0.68220854,303.7435,-9.3102407
2220,2220,145.4559,30.4834,9.1869593,0.0,0,0.4338859,0.0,0.94849133,150.25404,0.67139882,303.76553,-9.3104172
2221,2221,145.4561,30.568037,9.20753,0.0,0,0.42198589,0.0,0.95103753,150.28253,0.65952563,303.78754,-9.3109322
2222,2222,145.4563,30.658142,9.2154398,0.0,0,0.41008592,0.0,0.95138735,150.64746,0.6477474,303.80957,-9.3104668
2223,2223,145.4565,30.741207,9.2209072,0.0,0,0.39818591,0.0,0.95415324,150.64537,0.63615763,303.83157,-9.309701
2224,2224,145.4567,30.831066,9.2389202,0.0,0,0.3862859,0.0,0.95708233,150.65184,0.62222552,303.85361,-9.3094559
2225,2225,145.4569,30.922682,9.2494373,0.0,0,0.37438589,0.0,0.95737618,151.0589,0.6091302,303.87561,-9.3087473
2226,2226,145.4571,31.021418,9.2551317,0.0,0,0.36248589,0.0,0.95989239,151.19521,0.59834743,303.89764,-9.3078356
2227,2227,145.4573,31.134478,9.2707853,0.0,0,0.35058588,0.0,0.96292084,151.26021,0.58622754,303.91965,-9.308238
2228,2228,145.4575,31.238953,9.2837248,0.0,0,0.3386859,0.0,0.96338081,151.66528,0.57248569,303.94168,-9.3085966
2229,2229,145.4577,31.335938,9.2917118,0.0,0,0.32678592,0.0,0.96588129,151.75748,0.56160682,303.96368,-9.3083954
2230,2230,145.4579,31.428186,9.3059893,0.0,0,0.31488591,0.0,0.96923852,151.69554,0.55303949,303.98572,-9.3081779
2231,2231,145.4581,31.521486,9.3198023,0.0,0,0.30298588,0.0,0.96985716,152.07703,0.54446954,304.00772,-9.3080521
2232,2232,145.4583,31.617704,9.326849,0.0,0,0.29108587,0.0,0.97175372,152.23909,0.53139675,304.02975,-9.3083248
2233,2233,145.4585,31.710527,9.3372126,0.0,0,0.27942541,0.0,0.97489464,152.19604,0.51964384,304.05176,-9.3081808
2234,2234,145.4587,31.81245,9.3527765,0.0,0,0.26805463,0.0,0.97568792,152.57216,0.50862199,304.07379,-9.3079052
2235,2235,145.4589,31.91988,9.362114,0.0,0,0.25673628,0.0,0.97746998,152.83234,0.49414158,304.09579,-9.3083849
