Strain,Stress_MPa,std_Stress_MPa,up_std_Stress_MPa,down_std_Stress_MPa,up_2std_Stress_MPa,down_2std_Stress_MPa,up_3std_Stress_MPa,down_3std_Stress_MPa,min_Stress_MPa,max_Stress_MPa,q1_Stress_MPa,q3_Stress_MPa
0.000720963499157,28.955441527369032,17.39365786324365,46.34909939061268,11.561783664125382,63.74275725385633,-5.831874199118268,81.13641511709999,-23.22553206236192,-0.0491197758968568,42.9288116388862,25.557185891693067,39.520672745185024
0.0007674768330024925,31.85066629076086,15.798732100956927,47.64939839171779,16.05193418980393,63.448130492674714,0.25320208884700435,79.24686259363165,-15.545530012109925,-0.0491197758968568,44.2920539613598,31.78869555220043,40.77596408321823
0.000813990166847985,33.87424636211849,16.64259670406336,50.51684306618185,17.23164965805513,67.15943977024521,0.5890529539917679,83.80203647430858,-16.05354375007159,-0.0491197758968568,47.04829386874681,34.5156435179551,43.02381080937615
0.0008605035006934774,35.946357379892994,17.584250942464585,53.53060832235758,18.36210643742841,71.11485926482217,0.7778554949638234,88.69911020728675,-16.806395447500762,-0.0491197758968568,50.00948781074574,37.03443384599594,45.46076772549979
0.0009070168345389699,41.336389311991496,14.137624135547888,55.474013447539384,27.198765176443608,69.61163758308727,13.06114104089572,83.74926171863515,-1.0764830946521684,0.112738211085168,52.3944287977532,41.58639473827944,48.041261317973195
0.0009535301683844624,43.637528857340264,14.813284057573458,58.450812914913726,28.824244799766806,73.26409697248718,14.010960742193348,88.07738103006065,-0.8023233153801144,0.112738211085168,54.99767910130501,44.224866742201016,50.55112045889171
0.0010000435022299548,45.92223780099713,15.486266009796834,61.40850381079397,30.435971791200295,76.8947698205908,14.949705781403463,92.38103583038763,-0.5365602283933697,0.112738211085168,57.82722624522816,46.686344191378225,53.018832339411354
0.0010465568360754473,48.23833869683756,16.195840644704795,64.43417934154235,32.042498052132764,80.63001998624715,15.84665740742797,96.82586063095195,-0.34918323727682576,0.112738211085168,60.87364525269687,48.800282140695785,55.54629079568785
0.0010930701699209398,50.51138726496271,16.908320183464618,67.41970744842732,33.60306708149809,84.32802763189194,16.694746898033472,101.23634781535657,-0.21357328543114562,0.112738211085168,63.849057835357826,51.07536347687838,58.125692754410196
0.0011395835037664322,52.683603873988886,17.578784947528217,70.2623888215171,35.104818926460666,87.84117376904533,17.526033978932453,105.41995871657353,-0.05275096859575967,0.112738211085168,66.4109380823293,53.27658159722016,60.62394323871347
0.0011860968376119247,54.85670697242469,18.20996436467201,73.0666713370967,36.64674260775268,91.27663570176871,18.436778243080667,109.48660006644073,0.22681387840865597,0.112738211085168,68.60822882267234,55.53458146288169,63.077378458974835
0.0012326101714574171,57.027434676744235,18.85672862798652,75.88416330473075,38.170706048757715,94.74089193271728,19.313977420771195,113.5976205607038,0.4572487927846751,0.112738211085168,71.14958061836406,57.77572388625352,65.47356396880468
0.0012791235053029096,62.71138567764877,8.612532958658198,71.32391863630697,54.09885271899057,79.93645159496516,45.48631976033238,88.54898455362337,36.87378680167418,42.76658308133562,73.59163195203202,59.85269365084628,67.95915556614686
0.001325636839148402,65.16260945630002,8.741676118386195,73.90428557468621,56.42093333791382,82.64596169307241,47.67925721952763,91.3876378114586,38.93758110114143,44.857568435683945,76.36848760681855,62.129073481135634,70.56360308207914
0.0013721501729938945,67.64294170445471,8.825629675899055,76.46857138035377,58.81731202855566,85.29420105625283,49.9916823526566,94.11983073215188,41.166052676757545,47.065927260262896,79.28986624920245,64.57932892147392,73.10211584956473
0.001418663506839387,70.02377637870327,8.7899932412973,78.81376962000057,61.23378313740598,87.60376286129787,52.443789896108676,96.39375610259518,43.65379665481137,49.59569727727342,81.89196746777178,66.90971053401799,75.54284142604979
0.0014651768406848795,72.39166696560787,8.869433775897022,81.26110074150489,63.522233189710846,90.13053451740191,54.652799413813824,98.99996829329893,45.7833656379168,52.10733310807573,84.89495034985808,69.31951319506679,77.88884550943465
0.001511690174530372,74.74929772933739,8.848566323251122,83.5978640525885,65.90073140608627,92.44643037583963,57.052165082835145,101.29499669909075,48.20359875958402,55.23582272289497,87.68971476095417,71.50764091242073,80.33162057651096
0.0015582035083758644,77.06464830408105,8.90759184101941,85.97224014510046,68.15705646306164,94.87983198611987,59.249464622042225,103.78742382713928,50.341872781022815,58.099968070331606,90.4991050171342,73.73360578318847,82.78908386144917
0.0016047168422213568,79.34231712348024,9.101158747755601,88.44347587123585,70.24115837572464,97.54463461899144,61.13999962796904,106.64579336674704,52.03884088021344,59.915303159072835,93.32577936419423,75.85063001048631,85.14662050285013
0.0016512301760668493,81.74330020010306,9.22192494750219,90.96522514760525,72.52137525260088,100.18715009510744,63.29945030509869,109.40907504260963,54.07752535759649,61.52736551324666,96.00427124425944,78.3197823543746,87.37979292080904
0.0016977435099123418,84.11041258769315,9.356856859617892,93.46726944731104,74.75355572807526,102.82412630692893,65.39669886845736,112.18098316654682,56.03984200883947,63.50996447609098,98.8857941685661,80.7983333221865,89.52374761621391
0.0017442568437578342,86.39260248351546,9.363645007350199,95.75624749086566,77.02895747616526,105.11989249821586,67.66531246881506,114.48353750556606,58.30166746146487,66.30844264106021,101.45313614707426,82.98357483763697,91.73777521754894
0.0017907701776033267,88.57980136069104,9.489824846584085,98.06962620727512,79.08997651410695,107.5594510538592,69.60015166752287,117.04927590044329,60.11032682093878,68.64821286190936,104.0629688969607,84.98420267646193,94.0978937627245
0.0018372835114488192,90.87152469239977,9.595961534436912,100.46748622683668,81.27556315796286,110.0634477612736,71.67960162352595,119.6594092957105,62.08364008908904,70.81776207340248,106.85783297521039,87.10339746173035,96.40601397068335
0.0018837968452943116,93.24391545566193,9.671985374987338,102.91590083064928,83.57193008067459,112.58788620563661,73.89994470568726,122.25987158062395,64.22795933069992,73.08046823499542,109.71332932300615,89.2752004679447,98.71082814871019
0.001930310179139804,95.58180253796873,9.634128761063057,105.21593129903178,85.94767377690567,114.85006006009485,76.3135450158426,124.4841888211579,66.67941625477955,75.79919908131711,112.19795675856257,91.3900196632855,101.0393191298627
0.0019768235129852966,97.83900598374991,9.674692458665843,107.51369844241576,88.16431352508407,117.1883909010816,78.48962106641822,126.86308335974743,68.81492860775239,78.25261352059609,114.6025139481972,93.45254150771483,103.39370758556322
0.0020233368468307892,99.9243810456676,9.88243069568351,109.80681174135111,90.04195034998409,119.68924243703462,80.15951965430058,129.57167313271813,70.27708895861707,79.96956933262554,117.1060836839731,95.37594770542027,105.66039581840081
0.0020698501806762815,102.14985418735978,10.042958607205005,112.19281279456479,92.10689558015477,122.2357714017698,82.06393697294976,132.2787300089748,72.02097836574477,82.02940425534312,119.84227191485756,97.59242152876875,107.9508385022334
0.0021163635145217737,104.43468585216283,10.045244896429821,114.47993074859265,94.38944095573301,124.52517564502247,84.34419605930319,134.57042054145228,74.29895116287337,84.88065133798659,122.48519229366698,99.8751966817764,110.25072977785683
0.0021628768483672664,106.61560377412496,10.218636128272008,116.83423990239697,96.39696764585295,127.05287603066898,86.17833151758094,137.271512158941,75.95969538930893,86.63499052772333,124.83124992631762,102.0785157667163,112.54225789444644
0.002209390182212759,108.74426279116551,10.395716105067649,119.13997889623316,98.34854668609786,129.5356950013008,87.95283058103021,139.93141110636844,77.55711447596256,88.11640079930756,126.92734113672641,104.36049460177327,114.74326525744077
0.0022559035160582513,110.83995090491685,10.58291862249832,121.42286952741517,100.25703228241852,132.00578814991349,89.67411365992021,142.5887067724118,79.09119503742188,89.86523517953798,129.25554248877128,106.45082814670143,116.93181212766875
0.0023024168499037436,113.09723447505746,10.524458616406108,123.62169309146357,102.57277585865135,134.14615170786968,92.04831724224525,144.6706103242758,81.52385862583914,92.84079658219164,131.53924860730154,108.54174366920198,119.20184605266027
0.0023489301837492363,115.22639397073267,10.661856143192068,125.88825011392474,104.5645378275406,136.5501062571168,93.90268168434854,147.2119624003089,83.24082554115647,94.78921358497618,133.8937517692662,110.50819048369893,121.33427150853402
0.002395443517594729,117.39363780438269,10.766139281303907,128.15977708568658,106.62749852307878,138.92591636699052,95.86135924177488,149.6920556482944,85.09521996047097,96.53805224237307,136.2224726048748,112.56166020717792,123.5399655857194
0.002441956851440221,119.55746858995836,10.86878685914996,130.4262554491083,108.6886817308084,141.29504230825827,97.81989487165845,152.16382916740824,86.95110801250848,98.52767903396416,138.60912510952136,114.58105912783222,125.79492160276732
0.0024884701852857134,121.71818382967818,10.933384759339566,132.65156858901776,110.78479907033862,143.58495334835732,99.85141431099905,154.51833810769688,88.91802955165949,101.19760176146926,141.14281046039065,116.53054508304989,128.05353686098178
0.002534983519131206,123.99886613149032,11.03115993172254,135.03002606321286,112.96770619976778,146.06118599493539,101.93654626804523,157.09234592665794,90.90538633632269,103.14941388840731,143.666868835194,118.85234160501594,130.30131544121295
0.002581496852976699,126.05588178330852,11.21539447115815,137.27127625446667,114.84048731215037,148.48667072562483,103.62509284099222,159.70206519678297,92.40969836983408,105.2535067685344,146.25909606683567,120.43313671526438,132.5460975053768
0.002628010186822191,128.21612193353036,11.290642995225904,139.50676492875627,116.92547893830445,150.79740792398218,105.63483594307856,162.08805091920806,94.34419294785265,107.35302354857707,148.64232105514242,122.14564763176935,134.79069324780892
0.0026745235206676833,130.4521092516521,11.378892017000958,141.83100126865307,119.07321723465114,153.209893285654,107.69432521765019,164.58878530265497,96.31543320064924,108.97464569059262,150.98238420835204,124.64886141420166,137.02912268069952
0.002721036854513176,132.49515873565733,11.588628279635156,144.08378701529247,120.90653045602217,155.67241529492765,109.31790217638701,167.2610435745628,97.72927389675186,110.55925402899412,153.22391644709907,126.2206836516229,139.27560160236968
0.0027675501883586686,134.57706475982084,11.728974985793283,146.30603974561413,122.84808977402756,158.03501473140741,111.11911478823427,169.76398971720067,99.390139802441,112.29498004263883,155.31271745874446,128.14587303797128,141.56908426955974
0.0028140635222041613,136.74031502379327,11.88644109357017,148.62675611736344,124.8538739302231,160.5131972109336,112.96743283665293,172.39963830450378,101.08099174308276,113.9414372275073,157.58736950242022,130.9456331223524,143.86235222639155
0.002860576856049653,138.94610791046395,11.813377436991793,150.75948534745575,127.13273047347215,162.57286278444752,115.31935303648036,174.38624022143932,103.50597559948858,117.17374044732179,159.90560136985715,132.80452486059536,146.1805194760912
0.002907090189895146,140.98436925405616,11.904419607509864,152.888788861566,129.0799496465463,164.7932084690759,117.17553003903643,176.69762807658574,105.27111043152658,119.4165157345847,162.1572654169196,134.17341505395981,148.46203903601344
0.0029536035237406385,142.95661215978006,12.155643206241571,155.11225536602163,130.8009689535385,167.26789857226322,118.64532574729692,179.42354177850478,106.48968254105534,120.73667969272977,164.46090876221194,135.52665480608968,150.7748543620592
0.003000116857586131,144.97428819018472,12.379355701304666,157.35364389148938,132.59493248888006,169.73299959279404,120.21557678757539,182.11235529409873,107.83622108627073,122.0283721118733,166.71569357590255,137.71636384033323,153.099402220862
0.003046630191431623,147.18620867392943,12.37829568552684,159.56450435945627,134.8079129884026,171.9428000449831,122.42961730287576,184.32109573050997,110.0513216173489,124.80728626583365,169.1963131794908,140.5326310663363,155.42812377792313
0.0030931435252771157,149.28056369693246,12.484094166586159,161.7646578635186,136.79646953034631,174.24875203010478,124.31237536376014,186.73284619669093,111.828281197174,127.02449007089601,171.54702699025447,142.5563330683074,157.76247545189815
0.0031396568591226083,151.2465212228752,12.652961194446489,163.89948241732168,138.59356002842873,176.55244361176818,125.94059883398222,189.20540480621466,113.28763763953575,128.66882475700632,173.5673597738854,144.05209437785246,160.1098168264312
0.003186170192968101,153.21111737920242,12.866115482970462,166.07723286217288,140.34500189623196,178.94334834514333,127.47888641326149,191.8094638281138,114.61277093029103,130.17190179088985,175.663411259266,145.58231532445302,162.46723703816983
0.003232683526813593,155.24755219807062,13.068174987095071,168.31572718516568,142.17937721097556,181.38390217226078,129.11120222388047,194.45207715935584,116.0430272367854,131.64429549766868,177.9083645595413,147.55277175873113,164.80767585708952
0.0032791968606590855,157.39289522171154,13.012851715359247,170.40574693707077,144.3800435063523,183.41859865243003,131.36719179099305,196.4314503677893,118.3543400756338,134.22919192083208,179.80095192425114,150.035302524035,167.13504382650564
0.003325710194504578,159.52472624969678,12.982378249205095,172.50710449890187,146.5423480004917,185.48948274810698,133.5599697512866,198.47186099731206,120.5775915020815,136.6857431120498,181.74009076795778,152.05384774918994,169.4557471073212
0.003372223528350071,161.56617941146115,13.13110831493125,174.6972877263924,148.4350710965299,187.82839604132366,135.30396278159864,200.9595043562549,122.1728544666674,138.05765334514976,183.6713941306793,153.8852488213331,171.70228593700259
0.0034187368621955627,163.5470729424272,13.293271432846318,176.84034437527353,150.25380150958088,190.13361580811983,136.96053007673459,203.42688724096615,123.66725864388826,139.50735920137225,185.65446247987174,155.79528108719333,173.8377824736719
0.0034652501960410554,165.43980350359996,13.445484297771976,178.88528780137193,151.994319205828,192.33077209914393,138.548834908056,205.7762563969159,125.10335061028402,141.03019875778497,187.46559564001373,157.6805753178504,175.87207466782033
0.003511763529886548,167.46129741924673,13.43538080408828,180.89667822333502,154.02591661515845,194.3320590274233,140.59053581107017,207.76743983151158,127.15515500698189,143.3943939424147,189.30885464675862,159.50036524094338,177.91041626503608
0.0035582768637320407,169.47040309672659,13.434544527686011,182.90494762441259,156.03585856904058,196.33949215209861,142.60131404135456,209.77403667978461,129.16676951366856,145.5958165642099,191.07106146972362,161.15285322061183,179.92024566412573
0.0036047901975775325,171.39919864994874,13.570784251879523,184.96998290182827,157.8284143980692,198.5407671537078,144.25763014618968,212.1115514055873,130.68684589431018,147.21089393307253,193.08054725012403,162.77098014756564,181.89402865351917
0.0036513035314230252,173.2961688425322,13.716133017479814,187.01230186001203,159.5800358250524,200.72843487749185,145.86390280757257,214.44456789497167,132.14776979009275,148.69299810801414,194.706461626517,164.64603022914432,183.84850504739953
0.003697816865268518,175.209550991868,13.717392786172363,188.92694377804037,161.49215820569566,202.64433656421275,147.77476541952328,216.3617293503851,134.05737263335092,150.89870395941708,196.20471894674125,166.65453193957893,185.7440905765021
0.0037443301991140106,177.0358198896456,13.727241582097552,190.76306147174316,163.30857830754806,204.4903030538407,149.5813367254505,218.21754463593828,135.85409514335294,153.05165884531553,197.58851867664765,168.51074131493297,187.60548404660975
0.0037908435329595024,178.87081704544585,13.89533189578309,192.76614894122895,164.97548514966275,206.66148083701202,151.08015325387967,220.55681273279512,137.18482135809657,154.36298698349103,199.12575299849036,170.21775088401333,189.46687751671737
0.003837356866804995,180.70618968564963,13.943286579408456,194.6494762650581,166.76290310624117,208.59276284446653,152.81961652683273,222.536049423875,138.87632994742427,156.27744086481385,200.54563895601675,171.93107024772127,191.27740747230553
0.0038838702006504877,182.5861863453275,13.894614592630077,196.48080093795755,168.69157175269743,210.37541553058765,154.79695716006734,224.27003012321774,140.90234256743724,158.51024109676587,202.56772508880462,173.8738953598417,193.03683923350553
0.00393038353449598,184.3689974048964,13.916681079993877,198.28567848489027,170.4523163249025,212.20235956488415,156.53563524490863,226.11904064487803,142.61895416491475,160.19970536269784,204.8949517345875,175.82149952571842,194.7833403141143
0.003976896868341472,186.1147386335624,13.919283265267438,200.03402189882985,172.19545536829497,213.9533051640973,158.27617210302753,227.87258842936473,144.3568888377601,162.30175431274023,207.3094765480656,177.55137251777867,196.4632421077835
0.004023410202186965,187.88126764878845,13.865008747876992,201.74627639666545,174.01625890091145,215.61128514454242,160.15125015303448,229.47629389241942,146.28624140515748,164.55743133405474,209.65791268070555,179.2863465827375,197.9362773275114
0.004069923536032458,189.61209343654227,13.889716437940786,203.50180987448306,175.72237699860148,217.39152631242385,161.83266056066068,231.28124275036464,147.9429441227199,166.14062700154963,211.93580040820567,181.125826522697,199.40617479174426
0.00411643686987795,191.39907813272467,13.834225224606675,205.23330335733135,177.56485290811798,219.067528581938,163.73062768351133,232.9017538065447,149.89640245890465,168.06843289399055,214.12977768925663,182.95953894482125,200.8788951603026
0.004162950203723442,193.09172963651608,13.835818080251366,206.92754771676744,179.25591155626472,220.76336579701882,165.42009347601334,234.59918387727018,151.58427539576198,169.71820901271622,216.36647113149183,184.93398477667017,201.94931875240533
0.004209463537568935,194.6431762431831,13.939162039423422,208.58233828260651,180.70401420375967,222.52150032202994,166.76485216433625,236.46066236145336,152.82569012491282,171.0153499326979,218.579027890953,186.62217619727966,202.79647786963073
0.0042559768714144275,196.2675253781756,13.864242562327558,210.13176794050315,182.40328281584806,223.99601050283073,168.53904025352048,237.86025306515828,154.67479769119294,173.43968953862313,220.73395067776042,188.215277231055,203.6171180940599
0.00430249020525992,197.87645221343112,13.904020042352414,211.78047225578354,183.9724321710787,225.68449229813595,170.0684121287263,239.58851234048836,156.16439208637388,174.9353335865408,222.73255081880782,189.92301255692934,204.43053860102535
0.004349003539105412,199.49735477767703,13.845488546397213,213.34284332407424,185.65186623127983,227.18833187047147,171.8063776848826,241.03382041686868,157.96088913848538,176.99071590852031,224.641208319506,191.7174449239794,205.2149554710018
0.004395516872950905,200.92431121562197,13.826128258142736,214.75043947376471,187.09818295747922,228.57656773190743,173.2720546993365,242.40269599005018,159.44592644119376,178.58240929056353,226.4341554060699,193.36276668463708,206.28810925862962
0.004442030206796397,202.24572769218207,13.89983751039269,216.14556520257477,188.34589018178937,230.04540271296744,174.4460526713967,243.94524022336014,160.546215161004,179.6637598701415,228.1686643426684,194.89062643213097,207.46865020441427
0.00448854354064189,203.61889720453846,14.04212114482482,217.66101834936327,189.57677605971364,231.7031394941881,175.53465491488882,245.7452606390129,161.492533770064,180.7011884969806,229.87868379571208,196.3116705216688,208.66323976619174
0.004535056874487382,204.9066900823207,14.080633658830417,218.9873237411511,190.8260564234903,233.06795739998154,176.74542276465985,247.14859105881195,162.66478910582944,182.17108006374912,231.4846450779531,197.82547654529844,209.84325657657382
0.0045815702083328745,206.20335247094667,14.067603220444914,220.27095569139158,192.13574925050176,234.3385589118365,178.06814603005685,248.4061621322814,164.00054280961194,183.99036203175498,233.05050842435543,199.49641880663643,210.98407579063996
0.004628083542178367,207.5092728492974,14.0278526172198,221.53712546651718,193.4814202320776,235.564978083737,179.45356761485777,249.5928307009568,165.42571499763798,185.76343900310286,234.49186809346716,201.19195573334505,211.81060081203736
0.00467459687602386,208.78796128522615,14.029662314880486,222.81762360010663,194.75829897034566,236.8472859149871,180.72863665546518,250.8769482298676,166.6989743405847,186.5329802910465,235.90579486538846,202.63453607991283,213.6950282581189
0.004721110209869352,209.89357749059243,14.080470590481369,223.97404808107382,195.81310690011105,238.05451867155517,181.7326363096297,252.13498926203653,167.65216571914834,187.27305727701398,237.276312207055,204.1094145190426,214.94179158342982
0.004767623543714844,210.9390273241627,14.193776022914578,225.1328033470773,196.74525130124812,239.32657936999186,182.55147527833356,253.52035539290645,168.35769925541896,187.9672476739643,238.54276576717896,205.44478958336458,216.2846631238715
0.004814136877560337,212.02305220946403,14.299400367903065,226.3224525773671,197.72365184156095,240.62185294527015,183.4242514736579,254.92125331317322,169.12485110575483,188.62484363703035,239.66012525101593,206.82497173221523,217.73720953797562
0.00486065021140583,213.20740942683813,14.217652383417532,227.42506181025567,198.98975704342058,241.64271419367319,184.77210466000307,255.86036657709073,170.55445227658552,189.2496671401597,240.75227361724473,208.29756244020223,219.10818117995163
0.004907163545251322,214.24589485253023,14.328195513896565,228.5740903664268,199.91769933863367,242.90228588032335,185.5895038247371,257.2304813942199,171.26130831084055,189.81921538531378,241.75200641989505,209.3110978194881,220.49097720153384
0.004953676879096814,215.164087112962,14.40265561333647,229.56674272629846,200.76143149962553,243.96939833963495,186.35877588628904,258.3720539529714,171.95612027295257,190.33919239114297,242.75173922254535,209.9320332951346,221.53366126708292
0.005000190212942307,216.05991077950844,14.448143575209102,230.50805435471756,201.61176720429933,244.95619792992665,187.16362362909024,259.40434150513573,172.71548005388115,190.86633943970486,243.67674879464022,210.76848829036987,222.55218236281272
0.0050467035467877995,216.9469242604205,14.432122687795115,231.3790469482156,202.5148015726254,245.81116963601073,188.08267888483027,260.24329232380586,173.65055619703514,191.40574145962265,244.59573136992054,211.6396834733601,223.4519884554331
0.005093216880633291,217.7652340097427,14.442697978080053,232.20793198782275,203.32253603166265,246.6506299659028,188.8798380535826,261.09332794398284,174.43714007550255,191.92356532793502,245.39616184959868,212.01801933368904,224.29944613360124
0.005139730214478784,218.52752201693048,14.524906979403085,233.05242899633356,204.0026150375274,247.57733597573664,189.4777080581243,262.10224295513973,174.95280107872122,192.39511139819146,246.10047346031044,212.37598709236696,225.1834818100364
0.005186243548324277,219.2794439946431,14.501706792150864,233.78115078679394,204.77773720249223,248.28285757894483,190.27603041034135,262.7845643710957,175.7743236181905,192.85403048113895,246.8047850710222,212.48070499726455,225.88175980381902
0.005232756882169769,219.97513914235182,14.574047053201872,234.5491861955537,205.40109208914996,249.12323324875555,190.8270450359481,263.69728030195745,176.2529979827462,193.23240667690942,247.40694450314083,212.57557040418843,226.62887468340676
0.005279270216015262,220.60747351477775,14.653094131711326,235.26056764648908,205.95437938306642,249.9136617782004,191.3012852513551,264.5667559099117,176.64819111964377,193.61078287267986,247.95840358335343,212.6684026775111,227.30493070473972
0.005325783549860754,221.2324579676563,14.713235866358197,235.9456938340145,206.5192221012981,250.6589297003727,191.8059862349399,265.37216556673087,177.0927503685817,193.95718878661316,248.509862663566,212.75571596852788,227.93148352443023
0.0053722968837062466,221.78549812652344,14.763529931999486,236.54902805852294,207.02196819452394,251.3125579905224,192.25843826252446,266.0760879225219,177.494908330525,194.28247326024533,249.00999872340415,213.011882477775,228.48724856140478
0.005418810217551739,222.2903997552858,14.796393528688649,237.08679328397443,207.49400622659715,251.8831868126631,192.69761269790848,266.67958034135177,177.90121916921984,194.60775773387746,249.4480090631432,213.93167787010609,228.9183679202274
0.005465323551397231,222.82873473408912,14.828364699408272,237.6570994334974,208.00037003468086,252.48546413290566,193.1720053352726,267.31382883231396,178.3436406358643,194.88781279494413,249.88601940288225,214.35506028420573,229.34901160048977
0.005511836885242724,223.3251744354909,14.87484954949744,238.20002398498835,208.45032488599347,253.0748735344858,193.57547533649603,267.94972308398326,178.7006257869986,195.1647622321013,250.3240297426213,214.51626739266217,229.7374767034488
0.005558350219088216,223.72047780346188,14.914797374769519,238.63527517823138,208.80568042869237,253.55007255300092,193.89088305392283,268.46486992777045,178.97608567915333,195.4310575802556,250.64683904399658,214.67586641939002,230.08127094526503
0.005604863552933709,224.16190742642723,14.955953608997415,239.11786103542465,209.20595381742982,254.07381464442207,194.2500002084324,269.0297682534195,179.29404659943498,195.6649947201946,250.96461121572648,214.78928072117088,230.44612711132925
0.005651376886779202,224.54947686324837,14.992840033626754,239.54231689687512,209.55663682962162,254.53515693050187,194.56379679599488,269.52799696412865,179.5709567623681,195.89893186013362,251.28238338745635,214.90155323169228,230.73221775222834
0.005697890220624694,224.97112749768363,15.031427367641715,240.00255486532535,209.9397001300419,255.03398223296705,194.9082727624002,270.06540960060875,179.87684539475848,196.11623006676058,251.58794619503166,215.01233488905416,231.01322329336247
0.005744403554470186,225.32595777469726,15.071959703261012,240.39791747795826,210.25399807143626,255.4698771812193,195.18203836817523,270.5418368844803,180.11007866491423,196.31197496939393,251.8161193247949,215.0973399410088,231.23889015960918
0.005790916888315679,225.60755632979158,15.121641846111153,240.72919817590272,210.48591448368043,255.85084002201387,195.3642726375693,270.97248186812504,180.2426307914581,196.5077198720273,252.04429245455813,215.1795840214938,231.46783118111486
0.005837430222161171,225.8850456079375,15.169992456282825,241.05503806422033,210.7150531516547,256.22503052050314,195.54506069537186,271.395022976786,180.37506823908905,196.68016886106307,252.27246558432137,215.26728287737222,231.66902477114485
0.0058839435560066634,226.18025782055489,15.228408869323374,241.40866668987826,210.9518489512315,256.63707555920166,195.72344008190814,271.865484428525,180.49503121258476,196.82873352481988,252.5006387140846,215.35447535150422,231.84475966313443
0.005930456889852156,226.46286041252458,15.286449936454655,241.74931034897924,211.17641047606992,257.03576028543387,195.88996053961526,272.32221022188855,180.6035106031606,196.97729818857673,252.67835104870096,215.43388676241133,232.38269734163137
0.005976970223697649,226.71374181609679,15.342485764435263,242.05622758053204,211.37125605166153,257.3987133449673,196.02877028722625,272.7411991094026,180.686284522791,197.1147247275401,252.8545887475917,215.5132981733184,233.25075038830153
0.0060234835575431415,226.94254324227015,15.39757028217364,242.34011352444378,211.54497296009652,257.73768380661744,196.14740267792286,273.13525408879104,180.74983239574922,197.23304577724457,253.03082644648245,215.5886094521186,234.018643981719
0.006069996891388633,227.12327305697318,15.440095195872985,242.56336825284615,211.6831778611002,258.0034634487191,196.2430826652272,273.44355864459214,180.8029874693542,197.35136682694903,253.20706414537318,215.65158275690294,234.47357732124448
0.006116510225234126,227.30583892312833,15.484891627086165,242.7907305502145,211.82094729604216,258.27562217730065,196.336055668956,273.76051380438685,180.85116404186982,197.46745582541772,253.35809602642922,215.71455606168732,235.00855008830766
0.006163023559079619,227.51646485022607,15.545786770895832,243.0622516211219,211.97067807933024,258.60803839201776,196.4248913084344,274.15382516291356,180.87910453753858,197.56348889803627,253.46502655170278,215.7775293664717,235.88056607307107
0.0062095368929251105,227.6854625847582,15.594735374755011,243.2801979595132,212.0907272100032,258.87493333426823,196.49599183524816,274.4696687090232,180.90125646049316,197.65952197065482,253.57195707697636,215.8380912684348,236.4635280078518
0.006256050226770603,227.82273463518973,15.633913790761127,243.45664842595085,212.18882084442862,259.090562216712,196.55490705366748,274.72447600747313,180.92099326290634,197.75555504327338,253.67888760224994,215.88891796954692,236.8315485781613
0.006302563560616096,227.94447738888235,15.670862420706447,243.6153398095888,212.2736149681759,259.28620223029526,196.60275254746946,274.9570646510017,180.931890126763,197.82669036320138,253.7858181275235,215.93974467065902,237.11130343995146
0.0063490768944615885,228.07212935946723,15.714392309832483,243.7865216692997,212.35773704963475,259.5009139791322,196.64334473980227,275.21530628896465,180.92895242996977,197.891264669755,253.88187507376318,215.98944116787538,237.5163040216347
0.006395590228307081,228.18601672436407,15.751073414576089,243.93709013894016,212.43494330978797,259.68816355351623,196.6838698952119,275.43923696809236,180.9327964806358,197.95583897630863,253.96091527592185,216.03464349346507,237.833702024982
0.006442103562152573,228.30550310642522,15.792003412999453,244.09750651942468,212.51349969342576,259.8895099324241,196.72149628042632,275.6815133454236,180.92949286742686,198.0182038548557,254.0399554780805,216.07984581905475,238.23654762207065
0.006488616895998066,228.42024910245902,15.833674882929243,244.25392398538827,212.58657421952978,260.0875988683175,196.75289933660054,275.92127375124676,180.9192244536713,198.07876439423637,254.11899568023912,216.12504814464447,238.6390392492102
0.006535130229843558,228.51475077150278,15.864925159367212,244.37967593086998,212.64982561213557,260.2446010902372,196.78490045276834,276.1095262496044,180.91997529340114,198.13932493361705,254.19803588239776,216.16008489444812,238.8986585118723
0.00658164356368905,228.60002492690901,15.892072612846041,244.49209753975506,212.70795231406296,260.3841701526011,196.81587970121694,276.27624276544714,180.9238070883709,198.19826156243454,254.2748756672599,216.18719380306703,239.15796156240393
0.006628156897534543,228.67280629894591,15.91536670980864,244.58817300875455,212.75743958913728,260.5035397185632,196.84207287932864,276.4189064283718,180.92670616952,198.2400924459224,254.34414239569375,216.21430271168595,239.35242767691963
0.0066746702313800355,228.73570178564748,15.932989380107141,244.6686911657546,212.80271240554035,260.60168054586177,196.8697230254332,276.5346699259689,180.93673364532606,198.28192332941026,254.4134091241276,216.24141162030486,239.47805733945222
0.006721183565225528,228.79284796921343,15.947837309018066,244.7406852782315,212.84501066019536,260.68852258724957,196.8971733511773,276.6363598962676,180.94933604215925,198.32375421289814,254.48267585256147,216.26813568993106,239.5749844487523
0.006767696899071021,228.85489914965228,15.967267123024387,244.82216627267667,212.8876320266279,260.78943339570105,196.9203649036035,276.75670051872544,180.95309778057913,198.3658091927033,254.55194258099533,216.291755452418,239.73589066335273
0.006814210232916513,228.92275925481317,15.992338561024038,244.9150978158372,212.93042069378913,260.90743637686126,196.9380821327651,276.8997749378853,180.94574357174105,198.40807733460647,254.6212093094292,216.31537521490492,239.9274134876737
0.006860723566762005,228.98221916050784,16.010656672819497,244.99287583332733,212.97156248768835,261.0035325061468,196.96090581486885,277.0141891789663,180.95024914204936,198.45034547650965,254.68307742370993,216.34123500102896,240.0563093752164
0.006907236900607498,229.0377118934937,16.02591579982207,245.06362769331577,213.01179609367165,261.08954349313785,196.98588029384956,277.11545929295994,180.9599644940275,198.49261361841283,254.74358936300405,216.3709040480268,240.17700816494505
0.00695375023445299,229.08664083985522,16.039854024784166,245.1264948646394,213.04678681507104,261.16634888942355,197.0069327902869,277.2062029142077,180.96707876550272,198.5251033089403,254.80410130229814,216.40057309502467,240.25093531057135
0.0070002635682984825,229.1349302844253,16.054384586654443,245.18931487107974,213.08054569777087,261.2436994577342,197.02616111111644,277.29808404438864,180.97177652446197,198.5561911072737,254.86461324159222,216.4302421420225,240.32853896798835
0.007046776902143975,229.17610894830474,16.067197638554877,245.24330658685963,213.10891130974986,261.3105042254145,197.041713671195,277.3777018639694,180.9745160326401,198.5872789056071,254.92512518088634,216.45410957821372,240.3822211482747
0.007093290235989468,229.21254826209363,16.077821042947335,245.29036930504097,213.1347272191463,261.3681903479883,197.05690617619896,277.4460113909356,180.97908513325163,198.61773842802654,254.97886825146196,216.47617923272944,240.41114018841267
0.007139803569834961,229.25162778533806,16.090017885938096,245.34164567127615,213.16160989939996,261.4316635572143,197.07159201346187,277.5216814431524,180.98157412752377,198.6452835039194,255.00108774946042,216.49824888724513,240.47875628115656
0.007186316903680452,229.2893160722391,16.101333724346983,245.39064979658608,213.18798234789213,261.49198352093305,197.08664862354513,277.59331724528005,180.98531489919816,198.67282857981223,255.0233072474589,216.52031854176084,240.56020204352905
0.007232830237525945,229.3230047427722,16.110428423168884,245.4334331659411,213.21257631960333,261.54386158910995,197.10214789643445,277.65429001227886,180.99171947326556,198.70037365570508,255.04552674545735,216.53738082101086,240.61972862567163
0.007279343571371438,229.35428319235018,16.118598182442877,245.47288137479305,213.23568500990731,261.5914795572359,197.11708682746442,277.7100777396788,180.99848864502155,198.727087795072,255.06774624345584,216.55339306867262,240.63076704206983
0.00732585690521693,229.38736414191484,16.126840368276707,245.51420451019155,213.26052377363814,261.6410448784683,197.13368340536144,277.767885246745,181.0068430370847,198.75316394062548,255.0899657414543,216.56931955243058,240.64665282089942
0.007372370239062422,229.42017104765674,16.135638451836602,245.55580949949334,213.28453259582014,261.69144795132996,197.14889414398354,277.82708640316656,181.0132556921469,198.77924008617896,255.11742670248483,216.58482879301386,240.68260881361553
0.007418883572907915,229.45729040502133,16.149005922957535,245.60629632797887,213.30828448206378,261.7553022509364,197.15927855910627,277.9043081738939,181.01027263614873,198.80531623173243,255.15824981772332,216.5995132258068,240.7384309977067
0.007465396906753408,229.49391542205197,16.164211470317568,245.65812689236952,213.32970395173442,261.8223383626871,197.16549248141683,277.9865498330047,181.00128101109925,198.8250660685285,255.19907293296177,216.6141976585997,240.77177407561962
0.0075119102405989,229.52417944609707,16.176410009211303,245.70058945530837,213.34776943688576,261.87699946451966,197.17135942767447,278.053409473731,180.99494941846316,198.84338207768758,255.23989604820025,216.62888209139263,240.78168158329862
0.007558423574444392,229.54226719989973,16.18113529475964,245.72340249465935,213.3611319051401,261.904537789419,197.17999661038044,278.08567308417867,180.99886131562081,198.86169808684664,255.28071916343873,216.63674540372014,240.7587941265518
0.007604936908289885,229.56270331884843,16.18866646034646,245.7513697791949,213.37403685850197,261.94003623954137,197.1853703981555,278.1287026998878,180.99670393780906,198.88001409600568,255.3215422786772,216.6391483420751,240.7433858343211
0.0076514502421353775,229.57883287758523,16.195698284839892,245.77453116242512,213.38313459274534,261.970229447265,197.18743630790544,278.16592773210493,180.99173802306555,198.88460889607492,255.35508608744368,216.64155128043006,240.72132078783346
0.007697963575980869,229.59208294636468,16.20025083986392,245.7923337862286,213.39183210650077,261.99258462609254,197.19158126663683,278.1928354659564,180.99133042677292,198.88704060968092,255.37007056368725,216.643954218785,240.7010497210926
0.007744476909826362,229.60654211611347,16.20550117110145,245.81204328721492,213.40104094501203,262.01754445831637,197.19553977391058,278.2230456294178,180.99003860280914,198.88947232328692,255.38505503993082,216.64834634188819,240.69472202720695
0.007790990243671855,229.61516175125163,16.205991975095667,245.8211537263473,213.40916977615598,262.027145701443,197.2031778010603,278.2331376765386,180.99718582596464,198.89312260837065,255.4000395161744,216.65332442412148,240.6538023799894
0.007837503577517347,229.62427695142333,16.204836585084063,245.82911353650738,213.41944036633927,262.03395012159143,197.2146037812552,278.2387867066755,181.00976719617114,198.9058040550435,255.41502399241796,216.65813251767983,240.61932123565444
0.00788401691136284,229.63986223831068,16.20868624612562,245.8485484844363,213.43117599218508,262.0572347305619,197.22248974605944,278.26592097668754,181.01380349993383,198.9184855017163,255.43000846866153,216.66294061123813,240.61656753726203
0.007930530245208331,229.65967322732254,16.215596379222,245.87526960654455,213.44407684810054,262.0908659857665,197.22848046887856,278.30646236498853,181.01288408965655,198.93116694838915,255.444605239041,216.66940341199052,240.6237154289338
0.007977043579053824,229.67756746303144,16.22115281879723,245.89872028182867,213.4564146442342,262.1198731006259,197.23526182543696,278.34102591942315,181.01410900663976,198.94249279360184,255.45799638652213,216.6761779319892,240.6285426499079
0.008023556912899316,229.69187673148352,16.225850169588174,245.9177269010717,213.46602656189535,262.1435770706599,197.24017639230718,278.36942724024806,181.01432622271898,198.95152763967926,255.47138753400327,216.6829524519879,240.63332356264078
0.008070070246744809,229.7073660273338,16.231936333685127,245.93930236101892,213.47542969364866,262.171238694704,197.24349335996354,278.40317502838917,181.0115570262784,198.96056248575667,255.48477868148439,216.6903459665894,240.64624009107
0.008116583580590302,229.7219189426061,16.236924046891087,245.95884298949719,213.484994895715,262.19576703638825,197.24807084882391,278.43269108327934,181.01114680193285,198.96959733183408,255.4981698289655,216.7021524221082,240.6449125852085
0.008163096914435794,229.7339372011759,16.23991369131731,245.9738508924932,213.4940235098586,262.21376458381053,197.25410981854128,278.4536782751278,181.01419612722398,198.978969260177,255.51156097644662,216.71395887762708,240.62663014981328
0.008209610248281287,229.74783982937194,16.242202674778575,245.99004250415052,213.50563715459336,262.2322451789291,197.2634344798148,278.47444785370766,181.02123180503622,198.98858896998237,255.52518916815475,216.7257653331459,240.61339817957773
0.00825612358212678,229.76065122199694,16.243551931060292,246.00420315305723,213.51709929093664,262.2477550841175,197.27354735987635,278.4913070151778,181.02999542881605,198.99820867978772,255.54059869553043,216.73256510049896,240.6014887316572
0.00830263691597227,229.76767566168107,16.242174328933984,246.00984999061507,213.52550133274707,262.25202431954904,197.2833270038131,278.494198648483,181.04115267487913,199.00782838959307,255.5560082229061,216.73139509685592,240.5591238698667
0.008349150249817763,229.76898353990916,16.23887418373476,246.00785772364392,213.5301093561744,262.24673190737866,197.29123517243963,278.4856060911134,181.0523609887049,199.0073116776627,255.57141775028174,216.7302473884347,240.49870626443888
0.008395663583663256,229.77374981050545,16.240325683409925,246.01407549391539,213.53342412709551,262.2544011773253,197.2930984436856,278.4947268607352,181.05277276027567,199.00245007718001,255.58682727765742,216.72910715795265,240.45696579266922
0.008442176917508749,229.7815577621035,16.243592859020627,246.0251506211241,213.53796490308287,262.26874348014474,197.29437204406224,278.51233633916536,181.05077918504162,198.99758847669733,255.60223680503307,216.7334435652845,240.43529290322823
0.008488690251354241,229.78687748913134,16.244964686768324,246.03184217589967,213.54191280236302,262.27680686266797,197.2969481155947,278.5217715494363,181.05198342882636,198.99272687621465,255.61764633240873,216.7400220351676,240.3968419436925
0.008535203585199734,229.7904028449391,16.24361071942239,246.0340135643615,213.54679212551673,262.2776242837839,197.30318140609432,278.52123500320624,181.05957068667195,198.9925193144752,255.63267937686697,216.74660050505076,240.35657633468327
0.008581716919045227,229.79971923234098,16.24394847561612,246.0436677079571,213.55577075672485,262.2876161835732,197.31182228110873,278.5315646591893,181.06787380549264,198.9930211794692,255.6476264817726,216.75317897493392,240.3449643281727
0.00862823025289072,229.8080704041082,16.244430856383616,246.05250126049182,213.5636395477246,262.29693211687544,197.31920869134098,278.5413629732591,181.07477783495736,198.99352304446322,255.66257358667823,216.750502416995,240.3387707717045
0.008674743586736212,229.81278671683924,16.242000194704517,246.05478691154377,213.5707865221347,262.2967871062483,197.3287863274302,278.5387873009528,181.0867861327257,198.99599238965757,255.67752069158385,216.74752266753336,240.30257728947066
0.008721256920581703,229.8183007961885,16.238123232607347,246.05642402879585,213.58017756358117,262.2945472614032,197.3420543309738,278.5326704940105,181.10393109836647,199.00702486631195,255.69246779648947,216.74454291807174,240.28146034649694
0.008767770254427196,229.8306924610791,16.240371110871077,246.0710635719502,213.59032135020803,262.31143468282124,197.34995023933695,278.5518057936923,181.1095791284659,199.0180573429663,255.7074149013951,216.7446471617588,240.2979287760456
0.008814283588272688,229.8440526028654,16.23937241818627,246.08342502105165,213.60468018467913,262.32279743923795,197.36530776649283,278.5621698574242,181.12593534830657,199.02908981962065,255.71581283574514,216.76437792066238,240.31164578603227
0.008860796922118181,229.85037708716186,16.231841119170312,246.0822182063322,213.61853596799153,262.3140593255025,197.38669484882124,278.5459004446728,181.15485372965094,199.04372946542958,255.71604852587615,216.78410867956597,240.27145015710713
0.008907310255963674,229.85996035831877,16.22553159554784,246.0854919538666,213.63442876277094,262.3110235494145,197.4088971672231,278.5365551449623,181.18336557167527,199.0611108449103,255.71628421600715,216.80397451139015,240.26443685708682
0.008953823589809166,229.87377680476234,16.22128744436687,246.09506424912922,213.65248936039546,262.3163516934961,197.4312019160286,278.5376391378629,181.20991447166173,199.078492224391,255.71651990613816,216.82423220168772,240.2719316469575
0.009000336923654659,229.88546360818668,16.21522653496485,246.10069014315152,213.67023707322184,262.31591667811637,197.455010538257,278.53114321308124,181.23978400329213,199.09587360387172,255.71675559626917,216.84493998759092,240.27162168248398
0.009046850257500152,229.89356803135922,16.206894601519842,246.10046263287907,213.68667342983937,262.3073572343989,197.47977882831952,278.51425183591874,181.2728842267997,199.11280373502137,255.71699128640017,216.86564777349412,240.2356599496226
0.009093363591345644,229.9064595622992,16.201693664294233,246.10815322659343,213.70476589800498,262.3098468908877,197.50307223371072,278.5115405551819,181.3013785694165,199.12955307070143,255.71732888972608,216.8863555593973,240.2267549898031
0.009139876925191135,229.92402314746667,16.201461000916545,246.1254841483832,213.72256214655013,262.3269451492998,197.52110114563357,278.5284061502163,181.31964014471703,199.14630240638152,255.73197036453107,216.90488095985393,240.23121148967445
0.009186390259036628,229.93862832157004,16.199252230914997,246.13788055248503,213.73937609065504,262.3371327834,197.54012385974005,278.53638501431504,181.34087162882503,199.1630517420616,255.74661183933603,216.92268618965954,240.22382267507996
0.00923290359288212,229.94970292059088,16.19522530046611,246.144928221057,213.75447762012476,262.3401535215231,197.55925231965867,278.5353788219892,181.36402701919255,199.1768513268754,255.76125331414102,216.94049141946513,240.19612724188764
0.009279416926727613,229.96259144611415,16.192671925349625,246.15526337146378,213.76991952076452,262.3479352968134,197.5772475954149,278.54060722216303,181.38457567006526,199.19041553914616,255.775894788946,216.95829664927072,240.1967113951994
0.009325930260573106,229.9763386556963,16.191346096174147,246.16768475187047,213.78499255952215,262.3590308480446,197.59364646334802,278.5503769442188,181.40230036717386,199.20397975141694,255.790536263751,216.9710537513479,240.1930635953516
0.009372443594418599,229.98712049872412,16.188343384089432,246.17546388281355,213.7987771146347,262.363807266903,197.61043373054525,278.5521506509924,181.42209034645583,199.21717742233673,255.80517773855598,216.98250199658324,240.16574655795856
0.009418956928264091,229.99879130004942,16.186570879585265,246.1853621796347,213.81222042046414,262.37193305921994,197.6256495408789,278.5585039388052,181.43907866129362,199.22625923511566,255.81429700191148,216.99395024181854,240.15665556942673
0.009465470262109582,230.01296344343407,16.186711002695777,246.19967444612985,213.8262524407383,262.38638544882565,197.63954143804253,278.5730964515214,181.45283043534675,199.2353410478946,255.8181054344078,217.00498023835462,240.17573307829423
0.009511983595955075,230.0271251252207,16.187472868871872,246.21459799409257,213.8396522563488,262.4020708629644,197.65217938747696,278.58954373183633,181.46470651860508,199.2444228606735,255.82191386690414,217.0200785852988,240.20375967854892
0.009558496929800568,230.03426247546562,16.182246605367613,246.21650908083325,213.852015870098,262.39875568620084,197.6697692647304,278.58100229156844,181.48752265936278,199.25706555405526,255.82572229940044,217.03684976488387,240.19051696290447
0.00960501026364606,230.04277021369396,16.17669818297368,246.21946839666765,213.86607203072026,262.3961665796413,197.6893738477466,278.572864762615,181.51267566477293,199.27655578895414,255.82953073189677,217.05362094446895,240.18892270672677
0.009651523597491553,230.05478063791688,16.173401207686346,246.22818184560322,213.88137943023054,262.4015830532896,197.70797822254417,278.5749842609759,181.53457701485783,199.29604602385305,255.83333916439307,217.07039212405402,240.20123827663275
0.009698036931337046,230.06752367192692,16.171424367320324,246.23894803924725,213.8960993046066,262.41037240656755,197.72467493728627,278.5817967738879,181.55325056996594,199.31553625875193,255.8371475968894,217.08015081262462,240.22483611421714
0.009744550265182539,230.07865683531523,16.16916758801371,246.24782442332895,213.9094892473015,262.41699201134264,197.74032165928782,278.5861595993564,181.5711540712741,199.32959254113948,255.837460917962,217.0872853179421,240.24116812899112
0.009791063599028031,230.09112302377014,16.168411934874253,246.2595349586444,213.92271108889588,262.42794689351865,197.75429915402162,278.5963588283929,181.58588721914737,199.34006383087655,255.837460917962,217.0944198232596,240.2726840591837
0.009837576932873524,230.10622109304666,16.16995176396336,246.27617285701,213.9362693290833,262.44612462097336,197.76631756511995,278.6160763849367,181.59636580115657,199.3505351206136,255.837460917962,217.1015543285771,240.31373196672598
0.009884090266719015,230.1184738095358,16.171111881100597,246.2895856906364,213.9473619284352,262.460697571737,197.7762500473346,278.6318094528376,181.605138166234,199.36100641035068,255.837460917962,217.10324314708447,240.33658075069414
0.009930603600564507,230.12474636154843,16.171393304649996,246.29613966619843,213.95335305689844,262.4675329708484,197.78195975224844,278.6389262754984,181.61056644759844,199.36393013407,255.837460917962,217.10448955516512,240.33351156820726
0.00997711693441,230.12541714090548,16.171009714979235,246.2964268558847,213.95440742592626,262.4674365708639,197.783397710947,278.6384462858432,181.61238799596777,199.36393013407,255.837460917962,217.10573596324576,240.33351156820726
